0000,000,uk,n,00000000,f,n
0000,001,uk,n,00000000,f,n
0001,000,mf,n,00000000,f,n
0001,000,mf,n,00000000,f,r
0002,000,mf,n,00000000,f,n
0002,000,mf,n,00000000,f,r
0003,000,fd,n,00000000,f,n
0003,000,fd,n,00000000,f,r
0003,000,md,n,00000000,f,n
0003,000,md,n,00000000,f,r
0003,000,mf,g,00000000,f,n
0003,000,mf,g,00000000,f,r
0003,001,mf,n,00000000,f,n
0003,001,mf,n,00000000,f,r
0004,000,mf,n,00000000,f,n
0004,000,mf,n,00000000,f,r
0005,000,mf,n,00000000,f,n
0005,000,mf,n,00000000,f,r
0006,000,mf,g,00000000,f,n
0006,000,mf,g,00000000,f,r
0006,000,mf,n,00000000,f,n
0006,000,mf,n,00000000,f,r
0006,001,mf,n,00000000,f,n
0006,001,mf,n,00000000,f,r
0006,002,mf,n,00000000,f,n
0006,002,mf,n,00000000,f,r
0007,000,mf,n,00000000,f,n
0007,000,mf,n,00000000,f,r
0008,000,mf,n,00000000,f,n
0008,000,mf,n,00000000,f,r
0009,000,mf,g,00000000,f,n
0009,000,mf,g,00000000,f,r
0009,000,mf,n,00000000,f,n
0009,000,mf,n,00000000,f,r
0009,001,mf,n,00000000,f,n
0009,001,mf,n,00000000,f,r
0010,000,mf,n,00000000,f,n
0010,000,mf,n,00000000,f,r
0011,000,mf,n,00000000,f,n
0011,000,mf,n,00000000,f,r
0012,000,fd,n,00000000,f,n
0012,000,fd,n,00000000,f,r
0012,000,md,n,00000000,f,n
0012,000,md,n,00000000,f,r
0012,000,mf,g,00000000,f,n
0012,000,mf,g,00000000,f,r
0013,000,mf,n,00000000,f,n
0013,000,mf,n,00000000,f,r
0014,000,mf,n,00000000,f,n
0014,000,mf,n,00000000,f,r
0015,000,mf,n,00000000,f,n
0015,000,mf,n,00000000,f,r
0015,001,mf,n,00000000,f,n
0015,001,mf,n,00000000,f,r
0016,000,mf,n,00000000,f,n
0016,000,mf,n,00000000,f,r
0017,000,mf,n,00000000,f,n
0017,000,mf,n,00000000,f,r
0018,000,mf,n,00000000,f,n
0018,000,mf,n,00000000,f,r
0018,001,mf,n,00000000,f,n
0018,001,mf,n,00000000,f,r
0019,000,fd,n,00000000,f,n
0019,000,fd,n,00000000,f,r
0019,000,md,n,00000000,f,n
0019,000,md,n,00000000,f,r
0019,001,mf,n,00000000,f,n
0019,001,mf,n,00000000,f,r
0020,000,fd,n,00000000,f,n
0020,000,fd,n,00000000,f,r
0020,000,md,n,00000000,f,n
0020,000,md,n,00000000,f,r
0020,001,mf,n,00000000,f,n
0020,001,mf,n,00000000,f,r
0021,000,mf,n,00000000,f,n
0021,000,mf,n,00000000,f,r
0022,000,mf,n,00000000,f,n
0022,000,mf,n,00000000,f,r
0023,000,mf,n,00000000,f,n
0023,000,mf,n,00000000,f,r
0024,000,mf,n,00000000,f,n
0024,000,mf,n,00000000,f,r
0025,000,fd,n,00000000,f,n
0025,000,fd,n,00000000,f,r
0025,000,md,n,00000000,f,n
0025,000,md,n,00000000,f,r
0025,000,mf,g,00000000,f,n
0025,000,mf,g,00000000,f,r
0025,001,mo,n,00000000,f,n
0025,002,mo,n,00000000,f,n
0025,003,mo,n,00000000,f,n
0025,004,mo,n,00000000,f,n
0025,005,mo,n,00000000,f,n
0025,006,mo,n,00000000,f,n
0025,007,mo,n,00000000,f,n
0025,008,fd,n,00000000,f,n
0025,008,fd,n,00000000,f,r
0025,008,md,n,00000000,f,n
0025,008,md,n,00000000,f,r
0025,009,mo,n,00000000,f,n
0025,010,md,n,00000000,f,n
0025,011,md,n,00000000,f,n
0025,012,md,n,00000000,f,n
0025,013,md,n,00000000,f,n
0025,014,md,n,00000000,f,n
0025,015,md,n,00000000,f,n
0026,000,fd,n,00000000,f,n
0026,000,fd,n,00000000,f,r
0026,000,md,n,00000000,f,n
0026,000,md,n,00000000,f,r
0026,001,mf,n,00000000,f,n
0026,001,mf,n,00000000,f,r
0027,000,mf,n,00000000,f,n
0027,000,mf,n,00000000,f,r
0027,001,mf,n,00000000,f,n
0027,001,mf,n,00000000,f,r
0028,000,mf,n,00000000,f,n
0028,000,mf,n,00000000,f,r
0028,001,mf,n,00000000,f,n
0028,001,mf,n,00000000,f,r
0029,000,fo,n,00000000,f,n
0029,000,fo,n,00000000,f,r
0030,000,fo,n,00000000,f,n
0030,000,fo,n,00000000,f,r
0031,000,fo,n,00000000,f,n
0031,000,fo,n,00000000,f,r
0032,000,mo,n,00000000,f,n
0032,000,mo,n,00000000,f,r
0033,000,mo,n,00000000,f,n
0033,000,mo,n,00000000,f,r
0034,000,mo,n,00000000,f,n
0034,000,mo,n,00000000,f,r
0035,000,mf,n,00000000,f,n
0035,000,mf,n,00000000,f,r
0036,000,mf,n,00000000,f,n
0036,000,mf,n,00000000,f,r
0037,000,mf,n,00000000,f,n
0037,000,mf,n,00000000,f,r
0037,001,mf,n,00000000,f,n
0037,001,mf,n,00000000,f,r
0038,000,mf,n,00000000,f,n
0038,000,mf,n,00000000,f,r
0038,001,mf,n,00000000,f,n
0038,001,mf,n,00000000,f,r
0039,000,mf,n,00000000,f,n
0039,000,mf,n,00000000,f,r
0040,000,mf,n,00000000,f,n
0040,000,mf,n,00000000,f,r
0041,000,fd,n,00000000,f,n
0041,000,fd,n,00000000,f,r
0041,000,md,n,00000000,f,n
0041,000,md,n,00000000,f,r
0042,000,fd,n,00000000,f,n
0042,000,fd,n,00000000,f,r
0042,000,md,n,00000000,f,n
0042,000,md,n,00000000,f,r
0043,000,mf,n,00000000,f,n
0043,000,mf,n,00000000,f,r
0044,000,fd,n,00000000,f,n
0044,000,fd,n,00000000,f,r
0044,000,md,n,00000000,f,n
0044,000,md,n,00000000,f,r
0045,000,fd,n,00000000,f,n
0045,000,fd,n,00000000,f,r
0045,000,md,n,00000000,f,n
0045,000,md,n,00000000,f,r
0046,000,mf,n,00000000,f,n
0046,000,mf,n,00000000,f,r
0047,000,mf,n,00000000,f,n
0047,000,mf,n,00000000,f,r
0048,000,mf,n,00000000,f,n
0048,000,mf,n,00000000,f,r
0049,000,mf,n,00000000,f,n
0049,000,mf,n,00000000,f,r
0050,000,mf,n,00000000,f,n
0050,000,mf,n,00000000,f,r
0050,001,mf,n,00000000,f,n
0050,001,mf,n,00000000,f,r
0051,000,mf,n,00000000,f,n
0051,000,mf,n,00000000,f,r
0051,001,mf,n,00000000,f,n
0051,001,mf,n,00000000,f,r
0052,000,mf,g,00000000,f,n
0052,000,mf,g,00000000,f,r
0052,000,mf,n,00000000,f,n
0052,000,mf,n,00000000,f,r
0052,001,mf,n,00000000,f,n
0052,001,mf,n,00000000,f,r
0052,002,mf,n,00000000,f,n
0052,002,mf,n,00000000,f,r
0053,000,mf,n,00000000,f,n
0053,000,mf,n,00000000,f,r
0053,001,mf,n,00000000,f,n
0053,001,mf,n,00000000,f,r
0054,000,mf,n,00000000,f,n
0054,000,mf,n,00000000,f,r
0055,000,mf,n,00000000,f,n
0055,000,mf,n,00000000,f,r
0056,000,mf,n,00000000,f,n
0056,000,mf,n,00000000,f,r
0057,000,mf,n,00000000,f,n
0057,000,mf,n,00000000,f,r
0058,000,mf,n,00000000,f,n
0058,000,mf,n,00000000,f,r
0058,001,mf,n,00000000,f,n
0058,001,mf,n,00000000,f,r
0059,000,mf,n,00000000,f,n
0059,000,mf,n,00000000,f,r
0059,001,mf,n,00000000,f,n
0059,001,mf,n,00000000,f,r
0060,000,mf,n,00000000,f,n
0060,000,mf,n,00000000,f,r
0061,000,mf,n,00000000,f,n
0061,000,mf,n,00000000,f,r
0062,000,mf,n,00000000,f,n
0062,000,mf,n,00000000,f,r
0063,000,mf,n,00000000,f,n
0063,000,mf,n,00000000,f,r
0064,000,fd,n,00000000,f,n
0064,000,fd,n,00000000,f,r
0064,000,md,n,00000000,f,n
0064,000,md,n,00000000,f,r
0065,000,fd,n,00000000,f,n
0065,000,fd,n,00000000,f,r
0065,000,md,n,00000000,f,n
0065,000,md,n,00000000,f,r
0065,001,mf,n,00000000,f,n
0065,001,mf,n,00000000,f,r
0066,000,mf,n,00000000,f,n
0066,000,mf,n,00000000,f,r
0067,000,mf,n,00000000,f,n
0067,000,mf,n,00000000,f,r
0068,000,mf,g,00000000,f,n
0068,000,mf,g,00000000,f,r
0068,000,mf,n,00000000,f,n
0068,000,mf,n,00000000,f,r
0069,000,mf,n,00000000,f,n
0069,000,mf,n,00000000,f,r
0070,000,mf,n,00000000,f,n
0070,000,mf,n,00000000,f,r
0071,000,mf,n,00000000,f,n
0071,000,mf,n,00000000,f,r
0072,000,mf,n,00000000,f,n
0072,000,mf,n,00000000,f,r
0073,000,mf,n,00000000,f,n
0073,000,mf,n,00000000,f,r
0074,000,mf,n,00000000,f,n
0074,000,mf,n,00000000,f,r
0074,001,mf,n,00000000,f,n
0074,001,mf,n,00000000,f,r
0075,000,mf,n,00000000,f,n
0075,000,mf,n,00000000,f,r
0075,001,mf,n,00000000,f,n
0075,001,mf,n,00000000,f,r
0076,000,mf,n,00000000,f,n
0076,000,mf,n,00000000,f,r
0076,001,mf,n,00000000,f,n
0076,001,mf,n,00000000,f,r
0077,000,mf,n,00000000,f,n
0077,000,mf,n,00000000,f,r
0077,001,mf,n,00000000,f,n
0077,001,mf,n,00000000,f,r
0078,000,mf,n,00000000,f,n
0078,000,mf,n,00000000,f,r
0078,001,mf,n,00000000,f,n
0078,001,mf,n,00000000,f,r
0079,000,mf,n,00000000,f,n
0079,000,mf,n,00000000,f,r
0079,001,mf,n,00000000,f,n
0079,001,mf,n,00000000,f,r
0080,000,mf,n,00000000,f,n
0080,000,mf,n,00000000,f,r
0080,001,mf,n,00000000,f,n
0080,001,mf,n,00000000,f,r
0080,002,mf,n,00000000,f,n
0080,002,mf,n,00000000,f,r
0081,000,uk,n,00000000,f,n
0081,000,uk,n,00000000,f,r
0082,000,uk,n,00000000,f,n
0082,000,uk,n,00000000,f,r
0083,000,mf,n,00000000,f,n
0083,000,mf,n,00000000,f,r
0083,001,mf,n,00000000,f,n
0083,001,mf,n,00000000,f,r
0084,000,fd,n,00000000,f,n
0084,000,fd,n,00000000,f,r
0084,000,md,n,00000000,f,n
0084,000,md,n,00000000,f,r
0085,000,fd,n,00000000,f,n
0085,000,fd,n,00000000,f,r
0085,000,md,n,00000000,f,n
0085,000,md,n,00000000,f,r
0086,000,mf,n,00000000,f,n
0086,000,mf,n,00000000,f,r
0087,000,mf,n,00000000,f,n
0087,000,mf,n,00000000,f,r
0088,000,mf,n,00000000,f,n
0088,000,mf,n,00000000,f,r
0088,001,mf,n,00000000,f,n
0088,001,mf,n,00000000,f,r
0089,000,mf,n,00000000,f,n
0089,000,mf,n,00000000,f,r
0089,001,mf,n,00000000,f,n
0089,001,mf,n,00000000,f,r
0090,000,mf,n,00000000,f,n
0090,000,mf,n,00000000,f,r
0091,000,mf,n,00000000,f,n
0091,000,mf,n,00000000,f,r
0092,000,mf,n,00000000,f,n
0092,000,mf,n,00000000,f,r
0093,000,mf,n,00000000,f,n
0093,000,mf,n,00000000,f,r
0094,000,mf,g,00000000,f,n
0094,000,mf,g,00000000,f,r
0094,000,mf,n,00000000,f,n
0094,000,mf,n,00000000,f,r
0094,001,mf,n,00000000,f,n
0094,001,mf,n,00000000,f,r
0095,000,mf,n,00000000,f,n
0095,000,mf,n,00000000,f,r
0096,000,mf,n,00000000,f,n
0096,000,mf,n,00000000,f,r
0097,000,fd,n,00000000,f,n
0097,000,fd,n,00000000,f,r
0097,000,md,n,00000000,f,n
0097,000,md,n,00000000,f,r
0098,000,mf,n,00000000,f,n
0098,000,mf,n,00000000,f,r
0099,000,mf,g,00000000,f,n
0099,000,mf,g,00000000,f,r
0099,000,mf,n,00000000,f,n
0099,000,mf,n,00000000,f,r
0100,000,uk,n,00000000,f,n
0100,000,uk,n,00000000,f,r
0100,001,uk,n,00000000,f,n
0100,001,uk,n,00000000,f,r
0101,000,uk,n,00000000,f,n
0101,000,uk,n,00000000,f,r
0101,001,uk,n,00000000,f,n
0101,001,uk,n,00000000,f,r
0102,000,mf,n,00000000,f,n
0102,000,mf,n,00000000,f,r
0103,000,mf,n,00000000,f,n
0103,000,mf,n,00000000,f,r
0103,001,mf,n,00000000,f,n
0103,001,mf,n,00000000,f,r
0104,000,mf,n,00000000,f,n
0104,000,mf,n,00000000,f,r
0105,000,mf,n,00000000,f,n
0105,000,mf,n,00000000,f,r
0105,001,mf,n,00000000,f,n
0105,001,mf,n,00000000,f,r
0106,000,mo,n,00000000,f,n
0106,000,mo,n,00000000,f,r
0107,000,mo,n,00000000,f,n
0107,000,mo,n,00000000,f,r
0108,000,mf,n,00000000,f,n
0108,000,mf,n,00000000,f,r
0109,000,mf,n,00000000,f,n
0109,000,mf,n,00000000,f,r
0110,000,mf,n,00000000,f,n
0110,000,mf,n,00000000,f,r
0110,001,mf,n,00000000,f,n
0110,001,mf,n,00000000,f,r
0111,000,fd,n,00000000,f,n
0111,000,fd,n,00000000,f,r
0111,000,md,n,00000000,f,n
0111,000,md,n,00000000,f,r
0112,000,fd,n,00000000,f,n
0112,000,fd,n,00000000,f,r
0112,000,md,n,00000000,f,n
0112,000,md,n,00000000,f,r
0113,000,fo,n,00000000,f,n
0113,000,fo,n,00000000,f,r
0114,000,mf,n,00000000,f,n
0114,000,mf,n,00000000,f,r
0115,000,fo,n,00000000,f,n
0115,000,fo,n,00000000,f,r
0115,001,fo,n,00000000,f,n
0115,001,fo,n,00000000,f,r
0116,000,mf,n,00000000,f,n
0116,000,mf,n,00000000,f,r
0117,000,mf,n,00000000,f,n
0117,000,mf,n,00000000,f,r
0118,000,fd,n,00000000,f,n
0118,000,fd,n,00000000,f,r
0118,000,md,n,00000000,f,n
0118,000,md,n,00000000,f,r
0119,000,fd,n,00000000,f,n
0119,000,fd,n,00000000,f,r
0119,000,md,n,00000000,f,n
0119,000,md,n,00000000,f,r
0120,000,uk,n,00000000,f,n
0120,000,uk,n,00000000,f,r
0121,000,uk,n,00000000,f,n
0121,000,uk,n,00000000,f,r
0122,000,mf,n,00000000,f,n
0122,000,mf,n,00000000,f,r
0122,001,mf,n,00000000,f,n
0122,001,mf,n,00000000,f,r
0123,000,fd,n,00000000,f,n
0123,000,fd,n,00000000,f,r
0123,000,md,n,00000000,f,n
0123,000,md,n,00000000,f,r
0124,000,fo,n,00000000,f,n
0124,000,fo,n,00000000,f,r
0125,000,mf,n,00000000,f,n
0125,000,mf,n,00000000,f,r
0126,000,mf,n,00000000,f,n
0126,000,mf,n,00000000,f,r
0127,000,mf,n,00000000,f,n
0127,000,mf,n,00000000,f,r
0127,001,mf,n,00000000,f,n
0127,001,mf,n,00000000,f,r
0128,000,mo,n,00000000,f,n
0128,000,mo,n,00000000,f,r
0129,000,fd,n,00000000,f,n
0129,000,fd,n,00000000,f,r
0129,000,md,n,00000000,f,n
0129,000,md,n,00000000,f,r
0130,000,fd,n,00000000,f,n
0130,000,fd,n,00000000,f,r
0130,000,md,n,00000000,f,n
0130,000,md,n,00000000,f,r
0130,001,mf,n,00000000,f,n
0130,001,mf,n,00000000,f,r
0131,000,mf,g,00000000,f,n
0131,000,mf,g,00000000,f,r
0131,000,mf,n,00000000,f,n
0131,000,mf,n,00000000,f,r
0132,000,uk,n,00000000,f,n
0132,000,uk,n,00000000,f,r
0133,000,fd,n,00000000,f,n
0133,000,fd,n,00000000,f,r
0133,000,md,n,00000000,f,n
0133,000,md,n,00000000,f,r
0133,000,mf,g,00000000,f,n
0133,000,mf,g,00000000,f,r
0134,000,mf,n,00000000,f,n
0134,000,mf,n,00000000,f,r
0135,000,mf,n,00000000,f,n
0135,000,mf,n,00000000,f,r
0136,000,mf,n,00000000,f,n
0136,000,mf,n,00000000,f,r
0137,000,uk,n,00000000,f,n
0137,000,uk,n,00000000,f,r
0138,000,mf,n,00000000,f,n
0138,000,mf,n,00000000,f,r
0139,000,mf,n,00000000,f,n
0139,000,mf,n,00000000,f,r
0140,000,mf,n,00000000,f,n
0140,000,mf,n,00000000,f,r
0141,000,mf,n,00000000,f,n
0141,000,mf,n,00000000,f,r
0142,000,mf,n,00000000,f,n
0142,000,mf,n,00000000,f,r
0142,001,mf,n,00000000,f,n
0142,001,mf,n,00000000,f,r
0143,000,mf,g,00000000,f,n
0143,000,mf,g,00000000,f,r
0143,000,mf,n,00000000,f,n
0143,000,mf,n,00000000,f,r
0144,000,uk,n,00000000,f,n
0144,000,uk,n,00000000,f,r
0144,001,uk,n,00000000,f,n
0144,001,uk,n,00000000,f,r
0145,000,uk,n,00000000,f,n
0145,000,uk,n,00000000,f,r
0145,001,uk,n,00000000,f,n
0145,001,uk,n,00000000,f,r
0146,000,uk,n,00000000,f,n
0146,000,uk,n,00000000,f,r
0146,001,uk,n,00000000,f,n
0146,001,uk,n,00000000,f,r
0147,000,mf,n,00000000,f,n
0147,000,mf,n,00000000,f,r
0148,000,mf,n,00000000,f,n
0148,000,mf,n,00000000,f,r
0149,000,mf,n,00000000,f,n
0149,000,mf,n,00000000,f,r
0150,000,uk,n,00000000,f,n
0150,000,uk,n,00000000,f,r
0150,001,uk,n,00000000,f,n
0150,001,uk,n,00000000,f,r
0150,002,uk,n,00000000,f,n
0150,002,uk,n,00000000,f,r
0151,000,uk,n,00000000,f,n
0151,000,uk,n,00000000,f,r
0152,000,mf,n,00000000,f,n
0152,000,mf,n,00000000,f,r
0153,000,mf,n,00000000,f,n
0153,000,mf,n,00000000,f,r
0154,000,fd,n,00000000,f,n
0154,000,fd,n,00000000,f,r
0154,000,md,n,00000000,f,n
0154,000,md,n,00000000,f,r
0155,000,mf,n,00000000,f,n
0155,000,mf,n,00000000,f,r
0156,000,mf,n,00000000,f,n
0156,000,mf,n,00000000,f,r
0157,000,mf,n,00000000,f,n
0157,000,mf,n,00000000,f,r
0157,001,mf,n,00000000,f,n
0157,001,mf,n,00000000,f,r
0158,000,mf,n,00000000,f,n
0158,000,mf,n,00000000,f,r
0159,000,mf,n,00000000,f,n
0159,000,mf,n,00000000,f,r
0160,000,mf,n,00000000,f,n
0160,000,mf,n,00000000,f,r
0161,000,mf,n,00000000,f,n
0161,000,mf,n,00000000,f,r
0162,000,mf,n,00000000,f,n
0162,000,mf,n,00000000,f,r
0163,000,mf,n,00000000,f,n
0163,000,mf,n,00000000,f,r
0164,000,mf,n,00000000,f,n
0164,000,mf,n,00000000,f,r
0165,000,fd,n,00000000,f,n
0165,000,fd,n,00000000,f,r
0165,000,md,n,00000000,f,n
0165,000,md,n,00000000,f,r
0166,000,fd,n,00000000,f,n
0166,000,fd,n,00000000,f,r
0166,000,md,n,00000000,f,n
0166,000,md,n,00000000,f,r
0167,000,mf,n,00000000,f,n
0167,000,mf,n,00000000,f,r
0168,000,mf,n,00000000,f,n
0168,000,mf,n,00000000,f,r
0169,000,mf,n,00000000,f,n
0169,000,mf,n,00000000,f,r
0170,000,mf,n,00000000,f,n
0170,000,mf,n,00000000,f,r
0171,000,mf,n,00000000,f,n
0171,000,mf,n,00000000,f,r
0172,000,mf,n,00000000,f,n
0172,000,mf,n,00000000,f,r
0172,001,mf,n,00000000,f,n
0173,000,mf,n,00000000,f,n
0173,000,mf,n,00000000,f,r
0174,000,mf,n,00000000,f,n
0174,000,mf,n,00000000,f,r
0175,000,mf,n,00000000,f,n
0175,000,mf,n,00000000,f,r
0176,000,mf,n,00000000,f,n
0176,000,mf,n,00000000,f,r
0177,000,mf,n,00000000,f,n
0177,000,mf,n,00000000,f,r
0178,000,fd,n,00000000,f,n
0178,000,fd,n,00000000,f,r
0178,000,md,n,00000000,f,n
0178,000,md,n,00000000,f,r
0179,000,mf,n,00000000,f,n
0179,000,mf,n,00000000,f,r
0180,000,mf,n,00000000,f,n
0180,000,mf,n,00000000,f,r
0181,000,mf,n,00000000,f,n
0181,000,mf,n,00000000,f,r
0181,001,mf,n,00000000,f,n
0181,001,mf,n,00000000,f,r
0182,000,mf,n,00000000,f,n
0182,000,mf,n,00000000,f,r
0183,000,mf,n,00000000,f,n
0183,000,mf,n,00000000,f,r
0184,000,mf,n,00000000,f,n
0184,000,mf,n,00000000,f,r
0185,000,fd,n,00000000,f,n
0185,000,fd,n,00000000,f,r
0185,000,md,n,00000000,f,n
0185,000,md,n,00000000,f,r
0186,000,fd,n,00000000,f,n
0186,000,fd,n,00000000,f,r
0186,000,md,n,00000000,f,n
0186,000,md,n,00000000,f,r
0187,000,mf,n,00000000,f,n
0187,000,mf,n,00000000,f,r
0188,000,mf,n,00000000,f,n
0188,000,mf,n,00000000,f,r
0189,000,mf,n,00000000,f,n
0189,000,mf,n,00000000,f,r
0190,000,fd,n,00000000,f,n
0190,000,fd,n,00000000,f,r
0190,000,md,n,00000000,f,n
0190,000,md,n,00000000,f,r
0191,000,mf,n,00000000,f,n
0191,000,mf,n,00000000,f,r
0192,000,mf,n,00000000,f,n
0192,000,mf,n,00000000,f,r
0193,000,mf,n,00000000,f,n
0193,000,mf,n,00000000,f,r
0194,000,fd,n,00000000,f,n
0194,000,fd,n,00000000,f,r
0194,000,md,n,00000000,f,n
0194,000,md,n,00000000,f,r
0195,000,fd,n,00000000,b,n
0195,000,fd,n,00000000,b,r
0195,000,fd,n,00000000,f,n
0195,000,fd,n,00000000,f,r
0195,000,md,n,00000000,b,n
0195,000,md,n,00000000,b,r
0195,000,md,n,00000000,f,n
0195,000,md,n,00000000,f,r
0196,000,mf,n,00000000,f,n
0196,000,mf,n,00000000,f,r
0197,000,mf,n,00000000,f,n
0197,000,mf,n,00000000,f,r
0198,000,fd,n,00000000,f,n
0198,000,fd,n,00000000,f,r
0198,000,md,n,00000000,f,n
0198,000,md,n,00000000,f,r
0199,000,mf,n,00000000,f,n
0199,000,mf,n,00000000,f,r
0199,001,mf,n,00000000,f,n
0199,001,mf,n,00000000,f,r
0200,000,mf,n,00000000,f,n
0200,000,mf,n,00000000,f,r
0201,000,uk,n,00000000,f,n
0201,000,uk,n,00000000,f,r
0201,001,uk,n,00000000,f,n
0201,001,uk,n,00000000,f,r
0201,002,uk,n,00000000,f,n
0201,002,uk,n,00000000,f,r
0201,003,uk,n,00000000,f,n
0201,003,uk,n,00000000,f,r
0201,004,uk,n,00000000,f,n
0201,004,uk,n,00000000,f,r
0201,005,uk,n,00000000,f,n
0201,005,uk,n,00000000,f,r
0201,006,uk,n,00000000,f,n
0201,006,uk,n,00000000,f,r
0201,007,uk,n,00000000,f,n
0201,007,uk,n,00000000,f,r
0201,008,uk,n,00000000,f,n
0201,008,uk,n,00000000,f,r
0201,009,uk,n,00000000,f,n
0201,009,uk,n,00000000,f,r
0201,010,uk,n,00000000,f,n
0201,010,uk,n,00000000,f,r
0201,011,uk,n,00000000,f,n
0201,011,uk,n,00000000,f,r
0201,012,uk,n,00000000,f,n
0201,012,uk,n,00000000,f,r
0201,013,uk,n,00000000,f,n
0201,013,uk,n,00000000,f,r
0201,014,uk,n,00000000,f,n
0201,014,uk,n,00000000,f,r
0201,015,uk,n,00000000,f,n
0201,015,uk,n,00000000,f,r
0201,016,uk,n,00000000,f,n
0201,016,uk,n,00000000,f,r
0201,017,uk,n,00000000,f,n
0201,017,uk,n,00000000,f,r
0201,018,uk,n,00000000,f,n
0201,018,uk,n,00000000,f,r
0201,019,uk,n,00000000,f,n
0201,019,uk,n,00000000,f,r
0201,020,uk,n,00000000,f,n
0201,020,uk,n,00000000,f,r
0201,021,uk,n,00000000,f,n
0201,021,uk,n,00000000,f,r
0201,022,uk,n,00000000,f,n
0201,022,uk,n,00000000,f,r
0201,023,uk,n,00000000,f,n
0201,023,uk,n,00000000,f,r
0201,024,uk,n,00000000,f,n
0201,024,uk,n,00000000,f,r
0201,025,uk,n,00000000,f,n
0201,025,uk,n,00000000,f,r
0201,026,uk,n,00000000,f,n
0201,026,uk,n,00000000,f,r
0201,027,uk,n,00000000,f,n
0201,027,uk,n,00000000,f,r
0202,000,fd,n,00000000,f,n
0202,000,fd,n,00000000,f,r
0202,000,md,n,00000000,f,n
0202,000,md,n,00000000,f,r
0203,000,fd,n,00000000,f,n
0203,000,fd,n,00000000,f,r
0203,000,md,n,00000000,f,n
0203,000,md,n,00000000,f,r
0204,000,mf,n,00000000,f,n
0204,000,mf,n,00000000,f,r
0205,000,mf,n,00000000,f,n
0205,000,mf,n,00000000,f,r
0206,000,mf,n,00000000,f,n
0206,000,mf,n,00000000,f,r
0207,000,fd,n,00000000,f,n
0207,000,fd,n,00000000,f,r
0207,000,md,n,00000000,f,n
0207,000,md,n,00000000,f,r
0208,000,fd,n,00000000,f,n
0208,000,fd,n,00000000,f,r
0208,000,md,n,00000000,f,n
0208,000,md,n,00000000,f,r
0208,001,mf,n,00000000,f,n
0208,001,mf,n,00000000,f,r
0209,000,mf,n,00000000,f,n
0209,000,mf,n,00000000,f,r
0210,000,mf,n,00000000,f,n
0210,000,mf,n,00000000,f,r
0211,000,mf,n,00000000,f,n
0211,000,mf,n,00000000,f,r
0211,001,mf,n,00000000,f,n
0211,001,mf,n,00000000,f,r
0212,000,fd,n,00000000,f,n
0212,000,fd,n,00000000,f,r
0212,000,md,n,00000000,f,n
0212,000,md,n,00000000,f,r
0212,001,mf,n,00000000,f,n
0212,001,mf,n,00000000,f,r
0213,000,mf,n,00000000,f,n
0213,000,mf,n,00000000,f,r
0214,000,fd,n,00000000,f,n
0214,000,fd,n,00000000,f,r
0214,000,md,n,00000000,f,n
0214,000,md,n,00000000,f,r
0214,001,mf,n,00000000,f,n
0214,001,mf,n,00000000,f,r
0215,000,fd,n,00000000,f,n
0215,000,fd,n,00000000,f,r
0215,000,md,n,00000000,f,n
0215,000,md,n,00000000,f,r
0215,001,fd,n,00000000,f,n
0215,001,fd,n,00000000,f,r
0215,001,md,n,00000000,f,n
0215,001,md,n,00000000,f,r
0216,000,mf,n,00000000,f,n
0216,000,mf,n,00000000,f,r
0217,000,fd,n,00000000,f,n
0217,000,fd,n,00000000,f,r
0217,000,md,n,00000000,f,n
0217,000,md,n,00000000,f,r
0218,000,mf,n,00000000,f,n
0218,000,mf,n,00000000,f,r
0219,000,mf,n,00000000,f,n
0219,000,mf,n,00000000,f,r
0220,000,mf,n,00000000,f,n
0220,000,mf,n,00000000,f,r
0221,000,fd,n,00000000,f,n
0221,000,fd,n,00000000,f,r
0221,000,md,n,00000000,f,n
0221,000,md,n,00000000,f,r
0222,000,mf,n,00000000,f,n
0222,000,mf,n,00000000,f,r
0222,001,mf,n,00000000,f,n
0222,001,mf,n,00000000,f,r
0223,000,mf,n,00000000,f,n
0223,000,mf,n,00000000,f,r
0224,000,fd,n,00000000,f,n
0224,000,fd,n,00000000,f,r
0224,000,md,n,00000000,f,n
0224,000,md,n,00000000,f,r
0225,000,mf,n,00000000,f,n
0225,000,mf,n,00000000,f,r
0226,000,mf,n,00000000,f,n
0226,000,mf,n,00000000,f,r
0227,000,mf,n,00000000,f,n
0227,000,mf,n,00000000,f,r
0228,000,mf,n,00000000,f,n
0228,000,mf,n,00000000,f,r
0229,000,fd,n,00000000,f,n
0229,000,fd,n,00000000,f,r
0229,000,md,n,00000000,f,n
0229,000,md,n,00000000,f,r
0229,001,mf,n,00000000,f,n
0229,001,mf,n,00000000,f,r
0230,000,mf,n,00000000,f,n
0230,000,mf,n,00000000,f,r
0231,000,mf,n,00000000,f,n
0231,000,mf,n,00000000,f,r
0232,000,fd,n,00000000,f,n
0232,000,fd,n,00000000,f,r
0232,000,md,n,00000000,f,n
0232,000,md,n,00000000,f,r
0233,000,uk,n,00000000,f,n
0233,000,uk,n,00000000,f,r
0234,000,mf,n,00000000,f,n
0234,000,mf,n,00000000,f,r
0235,000,mf,n,00000000,f,n
0235,000,mf,n,00000000,f,r
0236,000,mo,n,00000000,f,n
0236,000,mo,n,00000000,f,r
0237,000,mo,n,00000000,f,n
0237,000,mo,n,00000000,f,r
0238,000,fo,n,00000000,f,n
0238,000,fo,n,00000000,f,r
0239,000,mf,n,00000000,f,n
0239,000,mf,n,00000000,f,r
0240,000,mf,n,00000000,f,n
0240,000,mf,n,00000000,f,r
0241,000,fo,n,00000000,f,n
0241,000,fo,n,00000000,f,r
0242,000,fo,n,00000000,f,n
0242,000,fo,n,00000000,f,r
0243,000,uk,n,00000000,f,n
0243,000,uk,n,00000000,f,r
0244,000,uk,n,00000000,f,n
0244,000,uk,n,00000000,f,r
0245,000,uk,n,00000000,f,n
0245,000,uk,n,00000000,f,r
0246,000,mf,n,00000000,f,n
0246,000,mf,n,00000000,f,r
0247,000,mf,n,00000000,f,n
0247,000,mf,n,00000000,f,r
0248,000,mf,n,00000000,f,n
0248,000,mf,n,00000000,f,r
0248,001,mf,n,00000000,f,n
0248,001,mf,n,00000000,f,r
0249,000,uk,n,00000000,f,n
0249,000,uk,n,00000000,f,r
0250,000,uk,n,00000000,f,n
0250,000,uk,n,00000000,f,r
0251,000,uk,n,00000000,f,n
0251,000,uk,n,00000000,f,r
0252,000,mf,n,00000000,f,n
0252,000,mf,n,00000000,f,r
0253,000,mf,n,00000000,f,n
0253,000,mf,n,00000000,f,r
0254,000,mf,n,00000000,f,n
0254,000,mf,n,00000000,f,r
0254,001,mf,n,00000000,f,n
0254,001,mf,n,00000000,f,r
0255,000,fd,n,00000000,b,n
0255,000,fd,n,00000000,b,r
0255,000,md,n,00000000,b,n
0255,000,md,n,00000000,b,r
0255,000,md,n,00000000,f,n
0255,000,md,n,00000000,f,r
0256,000,fd,n,00000000,f,n
0256,000,fd,n,00000000,f,r
0256,000,md,n,00000000,f,n
0256,000,md,n,00000000,f,r
0257,000,fd,n,00000000,f,n
0257,000,fd,n,00000000,f,r
0257,000,md,n,00000000,f,n
0257,000,md,n,00000000,f,r
0257,001,mf,n,00000000,f,n
0257,001,mf,n,00000000,f,r
0258,000,mf,n,00000000,f,n
0258,000,mf,n,00000000,f,r
0259,000,mf,n,00000000,f,n
0259,000,mf,n,00000000,f,r
0260,000,mf,n,00000000,f,n
0260,000,mf,n,00000000,f,r
0260,001,mf,n,00000000,f,n
0260,001,mf,n,00000000,f,r
0261,000,mf,n,00000000,f,n
0261,000,mf,n,00000000,f,r
0262,000,mf,n,00000000,f,n
0262,000,mf,n,00000000,f,r
0263,000,mf,n,00000000,f,n
0263,000,mf,n,00000000,f,r
0263,001,mf,n,00000000,f,n
0263,001,mf,n,00000000,f,r
0264,000,mf,n,00000000,f,n
0264,000,mf,n,00000000,f,r
0264,001,mf,n,00000000,f,n
0264,001,mf,n,00000000,f,r
0265,000,mf,n,00000000,f,n
0265,000,mf,n,00000000,f,r
0266,000,mf,n,00000000,f,n
0266,000,mf,n,00000000,f,r
0267,000,fd,n,00000000,f,n
0267,000,fd,n,00000000,f,r
0267,000,md,n,00000000,f,n
0267,000,md,n,00000000,f,r
0268,000,mf,n,00000000,f,n
0268,000,mf,n,00000000,f,r
0269,000,fd,n,00000000,f,n
0269,000,fd,n,00000000,f,r
0269,000,md,n,00000000,f,n
0269,000,md,n,00000000,f,r
0270,000,mf,n,00000000,f,n
0270,000,mf,n,00000000,f,r
0271,000,mf,n,00000000,f,n
0271,000,mf,n,00000000,f,r
0272,000,fd,n,00000000,f,n
0272,000,fd,n,00000000,f,r
0272,000,md,n,00000000,f,n
0272,000,md,n,00000000,f,r
0273,000,mf,n,00000000,f,n
0273,000,mf,n,00000000,f,r
0274,000,fd,n,00000000,f,n
0274,000,fd,n,00000000,f,r
0274,000,md,n,00000000,f,n
0274,000,md,n,00000000,f,r
0275,000,fd,n,00000000,f,n
0275,000,fd,n,00000000,f,r
0275,000,md,n,00000000,f,n
0275,000,md,n,00000000,f,r
0276,000,mf,n,00000000,f,n
0276,000,mf,n,00000000,f,r
0277,000,mf,n,00000000,f,n
0277,000,mf,n,00000000,f,r
0278,000,mf,n,00000000,f,n
0278,000,mf,n,00000000,f,r
0279,000,mf,n,00000000,f,n
0279,000,mf,n,00000000,f,r
0280,000,mf,n,00000000,f,n
0280,000,mf,n,00000000,f,r
0281,000,mf,n,00000000,f,n
0281,000,mf,n,00000000,f,r
0282,000,mf,n,00000000,f,n
0282,000,mf,n,00000000,f,r
0282,001,mf,n,00000000,f,n
0282,001,mf,n,00000000,f,r
0283,000,mf,n,00000000,f,n
0283,000,mf,n,00000000,f,r
0284,000,mf,n,00000000,f,n
0284,000,mf,n,00000000,f,r
0285,000,mf,n,00000000,f,n
0285,000,mf,n,00000000,f,r
0286,000,mf,n,00000000,f,n
0286,000,mf,n,00000000,f,r
0287,000,mf,n,00000000,f,n
0287,000,mf,n,00000000,f,r
0288,000,mf,n,00000000,f,n
0288,000,mf,n,00000000,f,r
0289,000,mf,n,00000000,f,n
0289,000,mf,n,00000000,f,r
0290,000,mf,n,00000000,f,n
0290,000,mf,n,00000000,f,r
0291,000,mf,n,00000000,f,n
0291,000,mf,n,00000000,f,r
0292,000,uk,n,00000000,f,n
0292,000,uk,n,00000000,f,r
0293,000,mf,n,00000000,f,n
0293,000,mf,n,00000000,f,r
0294,000,mf,n,00000000,f,n
0294,000,mf,n,00000000,f,r
0295,000,mf,n,00000000,f,n
0295,000,mf,n,00000000,f,r
0296,000,mf,n,00000000,f,n
0296,000,mf,n,00000000,f,r
0297,000,mf,n,00000000,f,n
0297,000,mf,n,00000000,f,r
0298,000,mf,n,00000000,f,n
0298,000,mf,n,00000000,f,r
0299,000,mf,n,00000000,f,n
0299,000,mf,n,00000000,f,r
0300,000,mf,n,00000000,f,n
0300,000,mf,n,00000000,f,r
0301,000,mf,n,00000000,f,n
0301,000,mf,n,00000000,f,r
0302,000,mf,n,00000000,f,n
0302,000,mf,n,00000000,f,r
0302,001,mf,n,00000000,f,n
0302,001,mf,n,00000000,f,r
0303,000,mf,n,00000000,f,n
0303,000,mf,n,00000000,f,r
0303,001,mf,n,00000000,f,n
0303,001,mf,n,00000000,f,r
0304,000,mf,n,00000000,f,n
0304,000,mf,n,00000000,f,r
0305,000,mf,n,00000000,f,n
0305,000,mf,n,00000000,f,r
0306,000,mf,n,00000000,f,n
0306,000,mf,n,00000000,f,r
0306,001,mf,n,00000000,f,n
0306,001,mf,n,00000000,f,r
0307,000,fd,n,00000000,f,n
0307,000,fd,n,00000000,f,r
0307,000,md,n,00000000,f,n
0307,000,md,n,00000000,f,r
0308,000,fd,n,00000000,f,n
0308,000,fd,n,00000000,f,r
0308,000,md,n,00000000,f,n
0308,000,md,n,00000000,f,r
0308,001,mf,n,00000000,f,n
0308,001,mf,n,00000000,f,r
0309,000,mf,n,00000000,f,n
0309,000,mf,n,00000000,f,r
0310,000,mf,n,00000000,f,n
0310,000,mf,n,00000000,f,r
0310,001,mf,n,00000000,f,n
0310,001,mf,n,00000000,f,r
0311,000,mf,n,00000000,f,n
0311,000,mf,n,00000000,f,r
0312,000,mf,n,00000000,f,n
0312,000,mf,n,00000000,f,r
0313,000,mo,n,00000000,f,n
0313,000,mo,n,00000000,f,r
0314,000,fo,n,00000000,f,n
0314,000,fo,n,00000000,f,r
0315,000,fd,n,00000000,f,n
0315,000,fd,n,00000000,f,r
0315,000,md,n,00000000,f,n
0315,000,md,n,00000000,f,r
0316,000,fd,n,00000000,f,n
0316,000,fd,n,00000000,f,r
0316,000,md,n,00000000,f,n
0316,000,md,n,00000000,f,r
0317,000,fd,n,00000000,f,n
0317,000,fd,n,00000000,f,r
0317,000,md,n,00000000,f,n
0317,000,md,n,00000000,f,r
0318,000,mf,n,00000000,f,n
0318,000,mf,n,00000000,f,r
0319,000,mf,n,00000000,f,n
0319,000,mf,n,00000000,f,r
0319,001,mf,n,00000000,f,n
0319,001,mf,n,00000000,f,r
0320,000,mf,n,00000000,f,n
0320,000,mf,n,00000000,f,r
0321,000,mf,n,00000000,f,n
0321,000,mf,n,00000000,f,r
0322,000,fd,n,00000000,f,n
0322,000,fd,n,00000000,f,r
0322,000,md,n,00000000,f,n
0322,000,md,n,00000000,f,r
0323,000,fd,n,00000000,f,n
0323,000,fd,n,00000000,f,r
0323,000,md,n,00000000,f,n
0323,000,md,n,00000000,f,r
0323,001,mf,n,00000000,f,n
0323,001,mf,n,00000000,f,r
0324,000,mf,n,00000000,f,n
0324,000,mf,n,00000000,f,r
0325,000,mf,n,00000000,f,n
0325,000,mf,n,00000000,f,r
0326,000,mf,n,00000000,f,n
0326,000,mf,n,00000000,f,r
0327,000,mf,n,00000000,f,n
0327,000,mf,n,00000000,f,r
0328,000,mf,n,00000000,f,n
0328,000,mf,n,00000000,f,r
0329,000,mf,n,00000000,f,n
0329,000,mf,n,00000000,f,r
0330,000,mf,n,00000000,f,n
0330,000,mf,n,00000000,f,r
0331,000,mf,n,00000000,f,n
0331,000,mf,n,00000000,f,r
0332,000,fd,n,00000000,f,n
0332,000,fd,n,00000000,f,r
0332,000,md,n,00000000,f,n
0332,000,md,n,00000000,f,r
0333,000,mf,n,00000000,f,n
0333,000,mf,n,00000000,f,r
0334,000,mf,n,00000000,f,n
0334,000,mf,n,00000000,f,r
0334,001,mf,n,00000000,f,n
0334,001,mf,n,00000000,f,r
0335,000,mf,n,00000000,f,n
0335,000,mf,n,00000000,f,r
0336,000,mf,n,00000000,f,n
0336,000,mf,n,00000000,f,r
0337,000,uk,n,00000000,f,n
0337,000,uk,n,00000000,f,r
0338,000,uk,n,00000000,f,n
0338,000,uk,n,00000000,f,r
0339,000,mf,n,00000000,f,n
0339,000,mf,n,00000000,f,r
0340,000,mf,n,00000000,f,n
0340,000,mf,n,00000000,f,r
0341,000,mf,n,00000000,f,n
0341,000,mf,n,00000000,f,r
0342,000,mf,n,00000000,f,n
0342,000,mf,n,00000000,f,r
0343,000,uk,n,00000000,f,n
0343,000,uk,n,00000000,f,r
0344,000,uk,n,00000000,f,n
0344,000,uk,n,00000000,f,r
0345,000,mf,n,00000000,f,n
0345,000,mf,n,00000000,f,r
0346,000,mf,n,00000000,f,n
0346,000,mf,n,00000000,f,r
0347,000,mf,n,00000000,f,n
0347,000,mf,n,00000000,f,r
0348,000,mf,n,00000000,f,n
0348,000,mf,n,00000000,f,r
0349,000,mf,n,00000000,f,n
0349,000,mf,n,00000000,f,r
0350,000,fd,n,00000000,f,n
0350,000,fd,n,00000000,f,r
0350,000,md,n,00000000,f,n
0350,000,md,n,00000000,f,r
0351,000,mf,n,00000000,f,n
0351,000,mf,n,00000000,f,r
0351,001,mf,n,00000000,f,n
0351,001,mf,n,00000000,f,r
0351,002,mf,n,00000000,f,n
0351,002,mf,n,00000000,f,r
0351,003,mf,n,00000000,f,n
0351,003,mf,n,00000000,f,r
0352,000,mf,n,00000000,f,n
0352,000,mf,n,00000000,f,r
0353,000,mf,n,00000000,f,n
0353,000,mf,n,00000000,f,r
0354,000,mf,n,00000000,f,n
0354,000,mf,n,00000000,f,r
0354,001,mf,n,00000000,f,n
0354,001,mf,n,00000000,f,r
0355,000,mf,n,00000000,f,n
0355,000,mf,n,00000000,f,r
0356,000,mf,n,00000000,f,n
0356,000,mf,n,00000000,f,r
0357,000,mf,n,00000000,f,n
0357,000,mf,n,00000000,f,r
0358,000,mf,n,00000000,f,n
0358,000,mf,n,00000000,f,r
0359,000,mf,n,00000000,f,n
0359,000,mf,n,00000000,f,r
0359,001,mf,n,00000000,f,n
0359,001,mf,n,00000000,f,r
0360,000,mf,n,00000000,f,n
0360,000,mf,n,00000000,f,r
0361,000,mf,n,00000000,f,n
0361,000,mf,n,00000000,f,r
0362,000,mf,n,00000000,f,n
0362,000,mf,n,00000000,f,r
0362,001,mf,n,00000000,f,n
0362,001,mf,n,00000000,f,r
0363,000,mf,n,00000000,f,n
0363,000,mf,n,00000000,f,r
0364,000,mf,n,00000000,f,n
0364,000,mf,n,00000000,f,r
0365,000,mf,n,00000000,f,n
0365,000,mf,n,00000000,f,r
0366,000,mf,n,00000000,f,n
0366,000,mf,n,00000000,f,r
0367,000,mf,n,00000000,f,n
0367,000,mf,n,00000000,f,r
0368,000,mf,n,00000000,f,n
0368,000,mf,n,00000000,f,r
0369,000,fd,n,00000000,f,n
0369,000,fd,n,00000000,f,r
0369,000,md,n,00000000,f,n
0369,000,md,n,00000000,f,r
0370,000,mf,n,00000000,f,n
0370,000,mf,n,00000000,f,r
0371,000,mf,n,00000000,f,n
0371,000,mf,n,00000000,f,r
0372,000,mf,n,00000000,f,n
0372,000,mf,n,00000000,f,r
0373,000,mf,n,00000000,f,n
0373,000,mf,n,00000000,f,r
0373,001,mf,n,00000000,f,n
0373,001,mf,n,00000000,f,r
0374,000,uk,n,00000000,f,n
0374,000,uk,n,00000000,f,r
0375,000,uk,n,00000000,f,n
0375,000,uk,n,00000000,f,r
0376,000,uk,n,00000000,f,n
0376,000,uk,n,00000000,f,r
0376,001,uk,n,00000000,f,n
0376,001,uk,n,00000000,f,r
0377,000,uk,n,00000000,f,n
0377,000,uk,n,00000000,f,r
0378,000,uk,n,00000000,f,n
0378,000,uk,n,00000000,f,r
0379,000,uk,n,00000000,f,n
0379,000,uk,n,00000000,f,r
0380,000,fo,n,00000000,f,n
0380,000,fo,n,00000000,f,r
0380,001,fo,n,00000000,f,n
0380,001,fo,n,00000000,f,r
0381,000,mo,n,00000000,f,n
0381,000,mo,n,00000000,f,r
0381,001,mo,n,00000000,f,n
0381,001,mo,n,00000000,f,r
0382,000,uk,n,00000000,f,n
0382,000,uk,n,00000000,f,r
0382,001,uk,n,00000000,f,n
0382,001,uk,n,00000000,f,r
0383,000,uk,n,00000000,f,n
0383,000,uk,n,00000000,f,r
0383,001,uk,n,00000000,f,n
0383,001,uk,n,00000000,f,r
0384,000,uk,n,00000000,f,n
0384,000,uk,n,00000000,f,r
0384,001,uk,n,00000000,f,n
0384,001,uk,n,00000000,f,r
0385,000,uk,n,00000000,f,n
0385,000,uk,n,00000000,f,r
0386,000,uk,n,00000000,f,n
0386,000,uk,n,00000000,f,r
0386,001,uk,n,00000000,f,n
0386,001,uk,n,00000000,f,r
0386,002,uk,n,00000000,f,n
0386,002,uk,n,00000000,f,r
0386,003,uk,n,00000000,f,n
0386,003,uk,n,00000000,f,r
0387,000,mf,n,00000000,f,n
0387,000,mf,n,00000000,f,r
0388,000,mf,n,00000000,f,n
0388,000,mf,n,00000000,f,r
0389,000,mf,n,00000000,f,n
0389,000,mf,n,00000000,f,r
0390,000,mf,n,00000000,f,n
0390,000,mf,n,00000000,f,r
0391,000,mf,n,00000000,f,n
0391,000,mf,n,00000000,f,r
0392,000,mf,n,00000000,f,n
0392,000,mf,n,00000000,f,r
0393,000,mf,n,00000000,f,n
0393,000,mf,n,00000000,f,r
0394,000,mf,n,00000000,f,n
0394,000,mf,n,00000000,f,r
0395,000,mf,n,00000000,f,n
0395,000,mf,n,00000000,f,r
0396,000,fd,n,00000000,f,n
0396,000,fd,n,00000000,f,r
0396,000,md,n,00000000,f,n
0396,000,md,n,00000000,f,r
0397,000,fd,n,00000000,f,n
0397,000,fd,n,00000000,f,r
0397,000,md,n,00000000,f,n
0397,000,md,n,00000000,f,r
0398,000,fd,n,00000000,f,n
0398,000,fd,n,00000000,f,r
0398,000,md,n,00000000,f,n
0398,000,md,n,00000000,f,r
0399,000,fd,n,00000000,b,n
0399,000,fd,n,00000000,b,r
0399,000,fd,n,00000000,f,n
0399,000,fd,n,00000000,f,r
0399,000,md,n,00000000,b,n
0399,000,md,n,00000000,b,r
0399,000,md,n,00000000,f,n
0399,000,md,n,00000000,f,r
0400,000,fd,n,00000000,f,n
0400,000,fd,n,00000000,f,r
0400,000,md,n,00000000,f,n
0400,000,md,n,00000000,f,r
0401,000,fd,n,00000000,f,n
0401,000,fd,n,00000000,f,r
0401,000,md,n,00000000,f,n
0401,000,md,n,00000000,f,r
0402,000,fd,n,00000000,f,n
0402,000,fd,n,00000000,f,r
0402,000,md,n,00000000,f,n
0402,000,md,n,00000000,f,r
0403,000,fd,n,00000000,f,n
0403,000,fd,n,00000000,f,r
0403,000,md,n,00000000,f,n
0403,000,md,n,00000000,f,r
0404,000,fd,n,00000000,f,n
0404,000,fd,n,00000000,f,r
0404,000,md,n,00000000,f,n
0404,000,md,n,00000000,f,r
0405,000,fd,n,00000000,f,n
0405,000,fd,n,00000000,f,r
0405,000,md,n,00000000,f,n
0405,000,md,n,00000000,f,r
0406,000,mf,n,00000000,f,n
0406,000,mf,n,00000000,f,r
0407,000,fd,n,00000000,f,n
0407,000,fd,n,00000000,f,r
0407,000,md,n,00000000,f,n
0407,000,md,n,00000000,f,r
0408,000,mf,n,00000000,f,n
0408,000,mf,n,00000000,f,r
0409,000,mf,n,00000000,f,n
0409,000,mf,n,00000000,f,r
0410,000,mf,n,00000000,f,n
0410,000,mf,n,00000000,f,r
0411,000,mf,n,00000000,f,n
0411,000,mf,n,00000000,f,r
0412,000,mf,n,00000000,f,n
0412,000,mf,n,00000000,f,r
0412,001,mf,n,00000000,f,n
0412,001,mf,n,00000000,f,r
0412,002,mf,n,00000000,f,n
0412,002,mf,n,00000000,f,r
0413,000,fo,n,00000000,f,n
0413,000,fo,n,00000000,f,r
0413,001,fo,n,00000000,f,n
0413,001,fo,n,00000000,f,r
0413,002,fo,n,00000000,f,n
0413,002,fo,n,00000000,f,r
0414,000,mo,n,00000000,f,n
0414,000,mo,n,00000000,f,r
0415,000,fd,n,00000000,f,n
0415,000,fd,n,00000000,f,r
0415,000,md,n,00000000,f,n
0415,000,md,n,00000000,f,r
0416,000,fo,n,00000000,f,n
0416,000,fo,n,00000000,f,r
0417,000,fd,n,00000000,f,n
0417,000,fd,n,00000000,f,r
0417,000,md,n,00000000,f,n
0417,000,md,n,00000000,f,r
0418,000,fd,n,00000000,b,n
0418,000,fd,n,00000000,b,r
0418,000,fd,n,00000000,f,n
0418,000,fd,n,00000000,f,r
0418,000,md,n,00000000,b,n
0418,000,md,n,00000000,b,r
0418,000,md,n,00000000,f,n
0418,000,md,n,00000000,f,r
0419,000,fd,n,00000000,b,n
0419,000,fd,n,00000000,b,r
0419,000,fd,n,00000000,f,n
0419,000,fd,n,00000000,f,r
0419,000,md,n,00000000,b,n
0419,000,md,n,00000000,b,r
0419,000,md,n,00000000,f,n
0419,000,md,n,00000000,f,r
0420,000,mf,n,00000000,f,n
0420,000,mf,n,00000000,f,r
0421,000,mf,n,00000000,f,n
0421,000,mf,n,00000000,f,r
0421,001,mf,n,00000000,f,n
0421,001,mf,n,00000000,f,r
0422,000,mf,n,00000000,f,n
0422,000,mf,n,00000000,f,r
0422,001,mf,n,00000000,f,n
0422,001,mf,n,00000000,f,r
0423,000,mf,n,00000000,f,n
0423,000,mf,n,00000000,f,r
0423,001,mf,n,00000000,f,n
0423,001,mf,n,00000000,f,r
0424,000,fd,n,00000000,f,n
0424,000,fd,n,00000000,f,r
0424,000,md,n,00000000,f,n
0424,000,md,n,00000000,f,r
0425,000,mf,n,00000000,f,n
0425,000,mf,n,00000000,f,r
0426,000,mf,n,00000000,f,n
0426,000,mf,n,00000000,f,r
0427,000,mf,n,00000000,f,n
0427,000,mf,n,00000000,f,r
0428,000,mf,n,00000000,f,n
0428,000,mf,n,00000000,f,r
0428,001,mf,n,00000000,f,n
0428,001,mf,n,00000000,f,r
0429,000,mf,n,00000000,f,n
0429,000,mf,n,00000000,f,r
0430,000,mf,n,00000000,f,n
0430,000,mf,n,00000000,f,r
0431,000,mf,n,00000000,f,n
0431,000,mf,n,00000000,f,r
0432,000,mf,n,00000000,f,n
0432,000,mf,n,00000000,f,r
0433,000,mf,n,00000000,f,n
0433,000,mf,n,00000000,f,r
0434,000,mf,n,00000000,f,n
0434,000,mf,n,00000000,f,r
0435,000,mf,n,00000000,f,n
0435,000,mf,n,00000000,f,r
0436,000,uk,n,00000000,f,n
0436,000,uk,n,00000000,f,r
0437,000,uk,n,00000000,f,n
0437,000,uk,n,00000000,f,r
0438,000,mf,n,00000000,f,n
0438,000,mf,n,00000000,f,r
0439,000,mf,n,00000000,f,n
0439,000,mf,n,00000000,f,r
0440,000,fo,n,00000000,f,n
0440,000,fo,n,00000000,f,r
0441,000,mf,n,00000000,f,n
0441,000,mf,n,00000000,f,r
0442,000,mf,n,00000000,f,n
0442,000,mf,n,00000000,f,r
0443,000,fd,n,00000000,f,n
0443,000,fd,n,00000000,f,r
0443,000,md,n,00000000,f,n
0443,000,md,n,00000000,f,r
0444,000,fd,n,00000000,f,n
0444,000,fd,n,00000000,f,r
0444,000,md,n,00000000,f,n
0444,000,md,n,00000000,f,r
0445,000,fd,n,00000000,f,n
0445,000,fd,n,00000000,f,r
0445,000,md,n,00000000,f,n
0445,000,md,n,00000000,f,r
0445,001,mf,n,00000000,f,n
0445,001,mf,n,00000000,f,r
0446,000,mf,n,00000000,f,n
0446,000,mf,n,00000000,f,r
0447,000,mf,n,00000000,f,n
0447,000,mf,n,00000000,f,r
0448,000,mf,n,00000000,f,n
0448,000,mf,n,00000000,f,r
0448,001,mf,n,00000000,f,n
0448,001,mf,n,00000000,f,r
0449,000,fd,n,00000000,f,n
0449,000,fd,n,00000000,f,r
0449,000,md,n,00000000,f,n
0449,000,md,n,00000000,f,r
0450,000,fd,n,00000000,f,n
0450,000,fd,n,00000000,f,r
0450,000,md,n,00000000,f,n
0450,000,md,n,00000000,f,r
0451,000,mf,n,00000000,f,n
0451,000,mf,n,00000000,f,r
0452,000,mf,n,00000000,f,n
0452,000,mf,n,00000000,f,r
0453,000,fd,n,00000000,f,n
0453,000,fd,n,00000000,f,r
0453,000,md,n,00000000,f,n
0453,000,md,n,00000000,f,r
0454,000,fd,n,00000000,f,n
0454,000,fd,n,00000000,f,r
0454,000,md,n,00000000,f,n
0454,000,md,n,00000000,f,r
0455,000,mf,n,00000000,f,n
0455,000,mf,n,00000000,f,r
0456,000,fd,n,00000000,f,n
0456,000,fd,n,00000000,f,r
0456,000,md,n,00000000,f,n
0456,000,md,n,00000000,f,r
0457,000,fd,n,00000000,f,n
0457,000,fd,n,00000000,f,r
0457,000,md,n,00000000,f,n
0457,000,md,n,00000000,f,r
0458,000,mf,n,00000000,f,n
0458,000,mf,n,00000000,f,r
0459,000,fd,n,00000000,f,n
0459,000,fd,n,00000000,f,r
0459,000,md,n,00000000,f,n
0459,000,md,n,00000000,f,r
0460,000,fd,n,00000000,f,n
0460,000,fd,n,00000000,f,r
0460,000,md,n,00000000,f,n
0460,000,md,n,00000000,f,r
0460,001,mf,n,00000000,f,n
0460,001,mf,n,00000000,f,r
0461,000,fd,n,00000000,f,n
0461,000,fd,n,00000000,f,r
0461,000,md,n,00000000,f,n
0461,000,md,n,00000000,f,r
0462,000,uk,n,00000000,f,n
0462,000,uk,n,00000000,f,r
0463,000,mf,n,00000000,f,n
0463,000,mf,n,00000000,f,r
0464,000,fd,n,00000000,f,n
0464,000,fd,n,00000000,f,r
0464,000,md,n,00000000,f,n
0464,000,md,n,00000000,f,r
0465,000,fd,n,00000000,f,n
0465,000,fd,n,00000000,f,r
0465,000,md,n,00000000,f,n
0465,000,md,n,00000000,f,r
0466,000,mf,n,00000000,f,n
0466,000,mf,n,00000000,f,r
0467,000,mf,n,00000000,f,n
0467,000,mf,n,00000000,f,r
0468,000,mf,n,00000000,f,n
0468,000,mf,n,00000000,f,r
0469,000,mf,n,00000000,f,n
0469,000,mf,n,00000000,f,r
0470,000,mf,n,00000000,f,n
0470,000,mf,n,00000000,f,r
0471,000,mf,n,00000000,f,n
0471,000,mf,n,00000000,f,r
0472,000,mf,n,00000000,f,n
0472,000,mf,n,00000000,f,r
0473,000,fd,n,00000000,f,n
0473,000,fd,n,00000000,f,r
0473,000,md,n,00000000,f,n
0473,000,md,n,00000000,f,r
0474,000,uk,n,00000000,f,n
0474,000,uk,n,00000000,f,r
0475,000,mo,n,00000000,f,n
0475,000,mo,n,00000000,f,r
0475,001,mo,n,00000000,f,n
0475,001,mo,n,00000000,f,r
0476,000,mf,n,00000000,f,n
0476,000,mf,n,00000000,f,r
0477,000,mf,n,00000000,f,n
0477,000,mf,n,00000000,f,r
0478,000,fo,n,00000000,f,n
0478,000,fo,n,00000000,f,r
0479,000,uk,n,00000000,f,n
0479,000,uk,n,00000000,f,r
0479,001,uk,n,00000000,f,n
0479,001,uk,n,00000000,f,r
0479,002,uk,n,00000000,f,n
0479,002,uk,n,00000000,f,r
0479,003,uk,n,00000000,f,n
0479,003,uk,n,00000000,f,r
0479,004,uk,n,00000000,f,n
0479,004,uk,n,00000000,f,r
0479,005,uk,n,00000000,f,n
0479,005,uk,n,00000000,f,r
0480,000,uk,n,00000000,f,n
0480,000,uk,n,00000000,f,r
0481,000,uk,n,00000000,f,n
0481,000,uk,n,00000000,f,r
0482,000,uk,n,00000000,f,n
0482,000,uk,n,00000000,f,r
0483,000,uk,n,00000000,f,n
0483,000,uk,n,00000000,f,r
0483,001,uk,n,00000000,f,n
0483,001,uk,n,00000000,f,r
0484,000,uk,n,00000000,f,n
0484,000,uk,n,00000000,f,r
0484,001,uk,n,00000000,f,n
0484,001,uk,n,00000000,f,r
0485,000,mf,n,00000000,f,n
0485,000,mf,n,00000000,f,r
0486,000,uk,n,00000000,f,n
0486,000,uk,n,00000000,f,r
0487,000,uk,n,00000000,f,n
0487,000,uk,n,00000000,f,r
0487,001,uk,n,00000000,f,n
0487,001,uk,n,00000000,f,r
0488,000,fo,n,00000000,f,n
0488,000,fo,n,00000000,f,r
0489,000,uk,n,00000000,f,n
0489,000,uk,n,00000000,f,r
0490,000,uk,n,00000000,f,n
0490,000,uk,n,00000000,f,r
0491,000,uk,n,00000000,f,n
0491,000,uk,n,00000000,f,r
0492,000,uk,n,00000000,f,n
0492,000,uk,n,00000000,f,r
0492,001,uk,n,00000000,f,n
0492,001,uk,n,00000000,f,r
0493,000,uk,n,00000000,f,n
0493,000,uk,n,00000000,f,r
0493,001,uk,n,00000000,f,n
0493,001,uk,n,00000000,f,r
0493,002,uk,n,00000000,f,n
0493,002,uk,n,00000000,f,r
0493,003,uk,n,00000000,f,n
0493,003,uk,n,00000000,f,r
0493,004,uk,n,00000000,f,n
0493,004,uk,n,00000000,f,r
0493,005,uk,n,00000000,f,n
0493,005,uk,n,00000000,f,r
0493,006,uk,n,00000000,f,n
0493,006,uk,n,00000000,f,r
0493,007,uk,n,00000000,f,n
0493,007,uk,n,00000000,f,r
0493,008,uk,n,00000000,f,n
0493,008,uk,n,00000000,f,r
0493,009,uk,n,00000000,f,n
0493,009,uk,n,00000000,f,r
0493,010,uk,n,00000000,f,n
0493,010,uk,n,00000000,f,r
0493,011,uk,n,00000000,f,n
0493,011,uk,n,00000000,f,r
0493,012,uk,n,00000000,f,n
0493,012,uk,n,00000000,f,r
0493,013,uk,n,00000000,f,n
0493,013,uk,n,00000000,f,r
0493,014,uk,n,00000000,f,n
0493,014,uk,n,00000000,f,r
0493,015,uk,n,00000000,f,n
0493,015,uk,n,00000000,f,r
0493,016,uk,n,00000000,f,n
0493,016,uk,n,00000000,f,r
0493,017,uk,n,00000000,f,n
0493,017,uk,n,00000000,f,r
0494,000,uk,n,00000000,f,n
0494,000,uk,n,00000000,f,r
0495,000,mf,n,00000000,f,n
0495,000,mf,n,00000000,f,r
0496,000,mf,n,00000000,f,n
0496,000,mf,n,00000000,f,r
0497,000,mf,n,00000000,f,n
0497,000,mf,n,00000000,f,r
0498,000,mf,n,00000000,f,n
0498,000,mf,n,00000000,f,r
0499,000,mf,n,00000000,f,n
0499,000,mf,n,00000000,f,r
0500,000,mf,n,00000000,f,n
0500,000,mf,n,00000000,f,r
0501,000,mf,n,00000000,f,n
0501,000,mf,n,00000000,f,r
0502,000,mf,n,00000000,f,n
0502,000,mf,n,00000000,f,r
0503,000,mf,n,00000000,f,n
0503,000,mf,n,00000000,f,r
0503,001,mf,n,00000000,f,n
0503,001,mf,n,00000000,f,r
0504,000,mf,n,00000000,f,n
0504,000,mf,n,00000000,f,r
0505,000,mf,n,00000000,f,n
0505,000,mf,n,00000000,f,r
0506,000,mf,n,00000000,f,n
0506,000,mf,n,00000000,f,r
0507,000,mf,n,00000000,f,n
0507,000,mf,n,00000000,f,r
0508,000,mf,n,00000000,f,n
0508,000,mf,n,00000000,f,r
0509,000,mf,n,00000000,f,n
0509,000,mf,n,00000000,f,r
0510,000,mf,n,00000000,f,n
0510,000,mf,n,00000000,f,r
0511,000,mf,n,00000000,f,n
0511,000,mf,n,00000000,f,r
0512,000,mf,n,00000000,f,n
0512,000,mf,n,00000000,f,r
0513,000,mf,n,00000000,f,n
0513,000,mf,n,00000000,f,r
0514,000,mf,n,00000000,f,n
0514,000,mf,n,00000000,f,r
0515,000,mf,n,00000000,f,n
0515,000,mf,n,00000000,f,r
0516,000,mf,n,00000000,f,n
0516,000,mf,n,00000000,f,r
0517,000,mf,n,00000000,f,n
0517,000,mf,n,00000000,f,r
0518,000,mf,n,00000000,f,n
0518,000,mf,n,00000000,f,r
0519,000,mf,n,00000000,f,n
0519,000,mf,n,00000000,f,r
0520,000,mf,n,00000000,f,n
0520,000,mf,n,00000000,f,r
0521,000,fd,n,00000000,f,n
0521,000,fd,n,00000000,f,r
0521,000,md,n,00000000,f,n
0521,000,md,n,00000000,f,r
0522,000,mf,n,00000000,f,n
0522,000,mf,n,00000000,f,r
0523,000,mf,n,00000000,f,n
0523,000,mf,n,00000000,f,r
0524,000,mf,n,00000000,f,n
0524,000,mf,n,00000000,f,r
0525,000,mf,n,00000000,f,n
0525,000,mf,n,00000000,f,r
0526,000,mf,n,00000000,f,n
0526,000,mf,n,00000000,f,r
0527,000,mf,n,00000000,f,n
0527,000,mf,n,00000000,f,r
0528,000,mf,n,00000000,f,n
0528,000,mf,n,00000000,f,r
0529,000,mf,n,00000000,f,n
0529,000,mf,n,00000000,f,r
0530,000,mf,n,00000000,f,n
0530,000,mf,n,00000000,f,r
0531,000,mf,n,00000000,f,n
0531,000,mf,n,00000000,f,r
0531,001,mf,n,00000000,f,n
0531,001,mf,n,00000000,f,r
0532,000,mf,n,00000000,f,n
0532,000,mf,n,00000000,f,r
0533,000,mf,n,00000000,f,n
0533,000,mf,n,00000000,f,r
0534,000,mf,n,00000000,f,n
0534,000,mf,n,00000000,f,r
0535,000,mf,n,00000000,f,n
0535,000,mf,n,00000000,f,r
0536,000,mf,n,00000000,f,n
0536,000,mf,n,00000000,f,r
0537,000,mf,n,00000000,f,n
0537,000,mf,n,00000000,f,r
0538,000,mo,n,00000000,f,n
0538,000,mo,n,00000000,f,r
0539,000,mo,n,00000000,f,n
0539,000,mo,n,00000000,f,r
0540,000,mf,n,00000000,f,n
0540,000,mf,n,00000000,f,r
0541,000,mf,n,00000000,f,n
0541,000,mf,n,00000000,f,r
0542,000,mf,n,00000000,f,n
0542,000,mf,n,00000000,f,r
0543,000,mf,n,00000000,f,n
0543,000,mf,n,00000000,f,r
0544,000,mf,n,00000000,f,n
0544,000,mf,n,00000000,f,r
0545,000,mf,n,00000000,f,n
0545,000,mf,n,00000000,f,r
0546,000,mf,n,00000000,f,n
0546,000,mf,n,00000000,f,r
0547,000,mf,n,00000000,f,n
0547,000,mf,n,00000000,f,r
0548,000,fo,n,00000000,f,n
0548,000,fo,n,00000000,f,r
0549,000,fo,n,00000000,f,n
0549,000,fo,n,00000000,f,r
0549,001,fo,n,00000000,f,n
0549,001,fo,n,00000000,f,r
0550,000,mf,n,00000000,f,n
0550,000,mf,n,00000000,f,r
0550,001,mf,n,00000000,f,n
0550,001,mf,n,00000000,f,r
0550,002,mf,n,00000000,f,n
0550,002,mf,n,00000000,f,r
0551,000,mf,n,00000000,f,n
0551,000,mf,n,00000000,f,r
0552,000,mf,n,00000000,f,n
0552,000,mf,n,00000000,f,r
0553,000,mf,n,00000000,f,n
0553,000,mf,n,00000000,f,r
0554,000,mf,n,00000000,f,n
0554,000,mf,n,00000000,f,r
0554,001,mf,n,00000000,f,n
0554,001,mf,n,00000000,f,r
0555,000,mf,n,00000000,f,n
0555,000,mf,n,00000000,f,r
0555,001,mf,n,00000000,f,n
0555,001,mf,n,00000000,f,r
0555,002,mf,n,00000000,f,n
0555,002,mf,n,00000000,f,r
0555,003,mf,n,00000000,f,n
0555,003,mf,n,00000000,f,r
0556,000,mf,n,00000000,f,n
0556,000,mf,n,00000000,f,r
0557,000,mf,n,00000000,f,n
0557,000,mf,n,00000000,f,r
0558,000,mf,n,00000000,f,n
0558,000,mf,n,00000000,f,r
0559,000,mf,n,00000000,f,n
0559,000,mf,n,00000000,f,r
0560,000,mf,n,00000000,f,n
0560,000,mf,n,00000000,f,r
0561,000,mf,n,00000000,f,n
0561,000,mf,n,00000000,f,r
0562,000,mf,n,00000000,f,n
0562,000,mf,n,00000000,f,r
0562,001,mf,n,00000000,f,n
0562,001,mf,n,00000000,f,r
0563,000,mf,n,00000000,f,n
0563,000,mf,n,00000000,f,r
0564,000,mf,n,00000000,f,n
0564,000,mf,n,00000000,f,r
0565,000,mf,n,00000000,f,n
0565,000,mf,n,00000000,f,r
0566,000,mf,n,00000000,f,n
0566,000,mf,n,00000000,f,r
0567,000,mf,n,00000000,f,n
0567,000,mf,n,00000000,f,r
0568,000,mf,n,00000000,f,n
0568,000,mf,n,00000000,f,r
0569,000,mf,g,00000000,f,n
0569,000,mf,g,00000000,f,r
0569,000,mf,n,00000000,f,n
0569,000,mf,n,00000000,f,r
0570,000,mf,n,00000000,f,n
0570,000,mf,n,00000000,f,r
0570,001,mf,n,00000000,f,n
0570,001,mf,n,00000000,f,r
0571,000,mf,n,00000000,f,n
0571,000,mf,n,00000000,f,r
0571,001,mf,n,00000000,f,n
0571,001,mf,n,00000000,f,r
0572,000,mf,n,00000000,f,n
0572,000,mf,n,00000000,f,r
0573,000,mf,n,00000000,f,n
0573,000,mf,n,00000000,f,r
0574,000,mf,n,00000000,f,n
0574,000,mf,n,00000000,f,r
0575,000,mf,n,00000000,f,n
0575,000,mf,n,00000000,f,r
0576,000,mf,n,00000000,f,n
0576,000,mf,n,00000000,f,r
0577,000,mf,n,00000000,f,n
0577,000,mf,n,00000000,f,r
0578,000,mf,n,00000000,f,n
0578,000,mf,n,00000000,f,r
0579,000,mf,n,00000000,f,n
0579,000,mf,n,00000000,f,r
0580,000,mf,n,00000000,f,n
0580,000,mf,n,00000000,f,r
0581,000,mf,n,00000000,f,n
0581,000,mf,n,00000000,f,r
0582,000,mf,n,00000000,f,n
0582,000,mf,n,00000000,f,r
0583,000,mf,n,00000000,f,n
0583,000,mf,n,00000000,f,r
0584,000,mf,n,00000000,f,n
0584,000,mf,n,00000000,f,r
0585,000,mf,n,00000000,f,n
0585,000,mf,n,00000000,f,r
0585,001,mf,n,00000000,f,n
0585,001,mf,n,00000000,f,r
0585,002,mf,n,00000000,f,n
0585,002,mf,n,00000000,f,r
0585,003,mf,n,00000000,f,n
0585,003,mf,n,00000000,f,r
0586,000,mf,n,00000000,f,n
0586,000,mf,n,00000000,f,r
0586,001,mf,n,00000000,f,n
0586,001,mf,n,00000000,f,r
0586,002,mf,n,00000000,f,n
0586,002,mf,n,00000000,f,r
0586,003,mf,n,00000000,f,n
0586,003,mf,n,00000000,f,r
0587,000,mf,n,00000000,f,n
0587,000,mf,n,00000000,f,r
0588,000,mf,n,00000000,f,n
0588,000,mf,n,00000000,f,r
0589,000,mf,n,00000000,f,n
0589,000,mf,n,00000000,f,r
0590,000,mf,n,00000000,f,n
0590,000,mf,n,00000000,f,r
0591,000,mf,n,00000000,f,n
0591,000,mf,n,00000000,f,r
0592,000,fd,n,00000000,f,n
0592,000,fd,n,00000000,f,r
0592,000,md,n,00000000,f,n
0592,000,md,n,00000000,f,r
0593,000,fd,n,00000000,f,n
0593,000,fd,n,00000000,f,r
0593,000,md,n,00000000,f,n
0593,000,md,n,00000000,f,r
0594,000,mf,n,00000000,f,n
0594,000,mf,n,00000000,f,r
0595,000,mf,n,00000000,f,n
0595,000,mf,n,00000000,f,r
0596,000,mf,n,00000000,f,n
0596,000,mf,n,00000000,f,r
0597,000,mf,n,00000000,f,n
0597,000,mf,n,00000000,f,r
0598,000,mf,n,00000000,f,n
0598,000,mf,n,00000000,f,r
0599,000,uk,n,00000000,f,n
0599,000,uk,n,00000000,f,r
0600,000,uk,n,00000000,f,n
0600,000,uk,n,00000000,f,r
0601,000,uk,n,00000000,f,n
0601,000,uk,n,00000000,f,r
0602,000,mf,n,00000000,f,n
0602,000,mf,n,00000000,f,r
0603,000,mf,n,00000000,f,n
0603,000,mf,n,00000000,f,r
0604,000,mf,n,00000000,f,n
0604,000,mf,n,00000000,f,r
0605,000,mf,n,00000000,f,n
0605,000,mf,n,00000000,f,r
0606,000,mf,n,00000000,f,n
0606,000,mf,n,00000000,f,r
0607,000,mf,n,00000000,f,n
0607,000,mf,n,00000000,f,r
0608,000,mf,n,00000000,f,n
0608,000,mf,n,00000000,f,r
0609,000,mf,n,00000000,f,n
0609,000,mf,n,00000000,f,r
0610,000,mf,n,00000000,f,n
0610,000,mf,n,00000000,f,r
0611,000,mf,n,00000000,f,n
0611,000,mf,n,00000000,f,r
0612,000,mf,n,00000000,f,n
0612,000,mf,n,00000000,f,r
0613,000,mf,n,00000000,f,n
0613,000,mf,n,00000000,f,r
0614,000,mf,n,00000000,f,n
0614,000,mf,n,00000000,f,r
0615,000,uk,n,00000000,f,n
0615,000,uk,n,00000000,f,r
0616,000,mf,n,00000000,f,n
0616,000,mf,n,00000000,f,r
0617,000,mf,n,00000000,f,n
0617,000,mf,n,00000000,f,r
0618,000,mf,n,00000000,f,n
0618,000,mf,n,00000000,f,r
0618,001,mf,n,00000000,f,n
0618,001,mf,n,00000000,f,r
0619,000,mf,n,00000000,f,n
0619,000,mf,n,00000000,f,r
0620,000,mf,n,00000000,f,n
0620,000,mf,n,00000000,f,r
0621,000,mf,n,00000000,f,n
0621,000,mf,n,00000000,f,r
0622,000,uk,n,00000000,f,n
0622,000,uk,n,00000000,f,r
0623,000,uk,n,00000000,f,n
0623,000,uk,n,00000000,f,r
0624,000,mf,n,00000000,f,n
0624,000,mf,n,00000000,f,r
0625,000,mf,n,00000000,f,n
0625,000,mf,n,00000000,f,r
0626,000,mf,n,00000000,f,n
0626,000,mf,n,00000000,f,r
0627,000,mo,n,00000000,f,n
0627,000,mo,n,00000000,f,r
0628,000,mo,n,00000000,f,n
0628,000,mo,n,00000000,f,r
0628,001,mo,n,00000000,f,n
0628,001,mo,n,00000000,f,r
0629,000,fo,n,00000000,f,n
0629,000,fo,n,00000000,f,r
0630,000,fo,n,00000000,f,n
0630,000,fo,n,00000000,f,r
0631,000,mf,n,00000000,f,n
0631,000,mf,n,00000000,f,r
0632,000,mf,n,00000000,f,n
0632,000,mf,n,00000000,f,r
0633,000,mf,n,00000000,f,n
0633,000,mf,n,00000000,f,r
0634,000,mf,n,00000000,f,n
0634,000,mf,n,00000000,f,r
0635,000,mf,n,00000000,f,n
0635,000,mf,n,00000000,f,r
0636,000,mf,n,00000000,f,n
0636,000,mf,n,00000000,f,r
0637,000,mf,n,00000000,f,n
0637,000,mf,n,00000000,f,r
0638,000,uk,n,00000000,f,n
0638,000,uk,n,00000000,f,r
0639,000,uk,n,00000000,f,n
0639,000,uk,n,00000000,f,r
0640,000,uk,n,00000000,f,n
0640,000,uk,n,00000000,f,r
0641,000,mo,n,00000000,f,n
0641,000,mo,n,00000000,f,r
0641,001,mo,n,00000000,f,n
0641,001,mo,n,00000000,f,r
0642,000,mo,n,00000000,f,n
0642,000,mo,n,00000000,f,r
0642,001,mo,n,00000000,f,n
0642,001,mo,n,00000000,f,r
0643,000,uk,n,00000000,f,n
0643,000,uk,n,00000000,f,r
0644,000,uk,n,00000000,f,n
0644,000,uk,n,00000000,f,r
0645,000,mo,n,00000000,f,n
0645,000,mo,n,00000000,f,r
0645,001,mo,n,00000000,f,n
0645,001,mo,n,00000000,f,r
0646,000,uk,n,00000000,f,n
0646,000,uk,n,00000000,f,r
0646,001,uk,n,00000000,f,n
0646,001,uk,n,00000000,f,r
0646,002,uk,n,00000000,f,n
0646,002,uk,n,00000000,f,r
0647,000,uk,n,00000000,f,n
0647,000,uk,n,00000000,f,r
0647,001,uk,n,00000000,f,n
0647,001,uk,n,00000000,f,r
0648,000,uk,n,00000000,f,n
0648,000,uk,n,00000000,f,r
0648,001,uk,n,00000000,f,n
0648,001,uk,n,00000000,f,r
0649,000,uk,n,00000000,f,n
0649,000,uk,n,00000000,f,r
0649,001,uk,n,00000000,f,n
0649,001,uk,n,00000000,f,r
0649,002,uk,n,00000000,f,n
0649,002,uk,n,00000000,f,r
0649,003,uk,n,00000000,f,n
0649,003,uk,n,00000000,f,r
0649,004,uk,n,00000000,f,n
0649,004,uk,n,00000000,f,r
0650,000,mf,n,00000000,f,n
0650,000,mf,n,00000000,f,r
0651,000,mf,n,00000000,f,n
0651,000,mf,n,00000000,f,r
0652,000,mf,n,00000000,f,n
0652,000,mf,n,00000000,f,r
0653,000,mf,n,00000000,f,n
0653,000,mf,n,00000000,f,r
0654,000,mf,n,00000000,f,n
0654,000,mf,n,00000000,f,r
0655,000,mf,n,00000000,f,n
0655,000,mf,n,00000000,f,r
0656,000,mf,n,00000000,f,n
0656,000,mf,n,00000000,f,r
0657,000,mf,n,00000000,f,n
0657,000,mf,n,00000000,f,r
0658,000,mf,n,00000000,f,n
0658,000,mf,n,00000000,f,r
0658,002,mo,n,00000000,f,n
0658,002,mo,n,00000000,f,r
0659,000,mf,n,00000000,f,n
0659,000,mf,n,00000000,f,r
0660,000,mf,n,00000000,f,n
0660,000,mf,n,00000000,f,r
0661,000,mf,n,00000000,f,n
0661,000,mf,n,00000000,f,r
0662,000,mf,n,00000000,f,n
0662,000,mf,n,00000000,f,r
0663,000,mf,n,00000000,f,n
0663,000,mf,n,00000000,f,r
0664,000,mf,n,00000000,f,n
0664,000,mf,n,00000000,f,r
0664,001,mf,n,00000000,f,n
0664,001,mf,n,00000000,f,r
0665,000,mf,n,00000000,f,n
0665,000,mf,n,00000000,f,r
0666,000,mf,n,00000000,f,n
0666,000,mf,n,00000000,f,r
0666,001,mf,n,00000000,f,n
0666,001,mf,n,00000000,f,r
0666,002,mf,n,00000000,f,n
0666,002,mf,n,00000000,f,r
0666,003,mf,n,00000000,f,n
0666,003,mf,n,00000000,f,r
0666,004,mf,n,00000000,f,n
0666,004,mf,n,00000000,f,r
0666,005,mf,n,00000000,f,n
0666,005,mf,n,00000000,f,r
0666,006,mf,n,00000000,f,n
0666,006,mf,n,00000000,f,r
0666,007,mf,n,00000000,f,n
0666,007,mf,n,00000000,f,r
0666,008,mf,n,00000000,f,n
0666,008,mf,n,00000000,f,r
0666,009,mf,n,00000000,f,n
0666,009,mf,n,00000000,f,r
0666,010,mf,n,00000000,f,n
0666,010,mf,n,00000000,f,r
0666,011,mf,n,00000000,f,n
0666,011,mf,n,00000000,f,r
0666,012,mf,n,00000000,f,n
0666,012,mf,n,00000000,f,r
0666,013,mf,n,00000000,f,n
0666,013,mf,n,00000000,f,r
0666,014,mf,n,00000000,f,n
0666,014,mf,n,00000000,f,r
0666,015,mf,n,00000000,f,n
0666,015,mf,n,00000000,f,r
0666,016,mf,n,00000000,f,n
0666,016,mf,n,00000000,f,r
0666,017,mf,n,00000000,f,n
0666,017,mf,n,00000000,f,r
0666,018,mf,n,00000000,f,n
0666,018,mf,n,00000000,f,r
0666,019,mf,n,00000000,f,n
0666,019,mf,n,00000000,f,r
0667,000,mf,n,00000000,f,n
0667,000,mf,n,00000000,f,r
0668,000,fd,n,00000000,f,n
0668,000,fd,n,00000000,f,r
0668,000,md,n,00000000,f,n
0668,000,md,n,00000000,f,r
0669,000,fo,n,00000000,f,n
0669,000,fo,n,00000000,f,r
0669,001,fo,n,00000000,f,n
0669,001,fo,n,00000000,f,r
0669,002,fo,n,00000000,f,n
0669,002,fo,n,00000000,f,r
0669,003,fo,n,00000000,f,n
0669,003,fo,n,00000000,f,r
0669,004,fo,n,00000000,f,n
0669,004,fo,n,00000000,f,r
0670,000,fo,n,00000000,f,n
0670,000,fo,n,00000000,f,r
0670,001,fo,n,00000000,f,n
0670,001,fo,n,00000000,f,r
0670,002,fo,n,00000000,f,n
0670,002,fo,n,00000000,f,r
0670,003,fo,n,00000000,f,n
0670,003,fo,n,00000000,f,r
0670,004,fo,n,00000000,f,n
0670,004,fo,n,00000000,f,r
0670,005,fo,n,00000000,f,r
0671,000,fo,n,00000000,f,n
0671,000,fo,n,00000000,f,r
0671,001,fo,n,00000000,f,n
0671,001,fo,n,00000000,f,r
0671,002,fo,n,00000000,f,n
0671,002,fo,n,00000000,f,r
0671,003,fo,n,00000000,f,n
0671,003,fo,n,00000000,f,r
0671,004,fo,n,00000000,f,n
0671,004,fo,n,00000000,f,r
0672,000,mf,n,00000000,f,n
0672,000,mf,n,00000000,f,r
0673,000,mf,n,00000000,f,n
0673,000,mf,n,00000000,f,r
0674,000,mf,n,00000000,f,n
0674,000,mf,n,00000000,f,r
0675,000,mf,n,00000000,f,n
0675,000,mf,n,00000000,f,r
0676,000,mf,n,00000000,f,n
0676,000,mf,n,00000000,f,r
0676,001,mf,n,00000000,f,n
0676,001,mf,n,00000000,f,r
0676,002,mf,n,00000000,f,n
0676,002,mf,n,00000000,f,r
0676,003,mf,n,00000000,f,n
0676,003,mf,n,00000000,f,r
0676,004,mf,n,00000000,f,n
0676,004,mf,n,00000000,f,r
0676,005,mf,n,00000000,f,n
0676,005,mf,n,00000000,f,r
0676,006,mf,n,00000000,f,n
0676,006,mf,n,00000000,f,r
0676,007,mf,n,00000000,f,n
0676,007,mf,n,00000000,f,r
0676,008,mf,n,00000000,f,n
0676,008,mf,n,00000000,f,r
0676,009,mf,n,00000000,f,n
0676,009,mf,n,00000000,f,r
0677,000,mf,n,00000000,f,n
0677,000,mf,n,00000000,f,r
0678,000,mo,n,00000000,f,n
0678,000,mo,n,00000000,f,r
0678,001,fo,n,00000000,f,n
0678,001,fo,n,00000000,f,r
0679,000,mf,n,00000000,f,n
0679,000,mf,n,00000000,f,r
0680,000,mf,n,00000000,f,n
0680,000,mf,n,00000000,f,r
0681,000,mf,n,00000000,f,n
0681,000,mf,n,00000000,f,r
0681,001,mf,n,00000000,f,n
0681,001,mf,n,00000000,f,r
0682,000,mf,n,00000000,f,n
0682,000,mf,n,00000000,f,r
0683,000,mf,n,00000000,f,n
0683,000,mf,n,00000000,f,r
0684,000,mf,n,00000000,f,n
0684,000,mf,n,00000000,f,r
0685,000,mf,n,00000000,f,n
0685,000,mf,n,00000000,f,r
0686,000,mf,n,00000000,f,n
0686,000,mf,n,00000000,f,r
0687,000,mf,n,00000000,f,n
0687,000,mf,n,00000000,f,r
0688,000,mf,n,00000000,f,n
0688,000,mf,n,00000000,f,r
0689,000,mf,n,00000000,f,n
0689,000,mf,n,00000000,f,r
0690,000,mf,n,00000000,f,n
0690,000,mf,n,00000000,f,r
0691,000,mf,n,00000000,f,n
0691,000,mf,n,00000000,f,r
0692,000,mf,n,00000000,f,n
0692,000,mf,n,00000000,f,r
0693,000,mf,n,00000000,f,n
0693,000,mf,n,00000000,f,r
0694,000,mf,n,00000000,f,n
0694,000,mf,n,00000000,f,r
0695,000,mf,n,00000000,f,n
0695,000,mf,n,00000000,f,r
0696,000,mf,n,00000000,f,n
0696,000,mf,n,00000000,f,r
0697,000,mf,n,00000000,f,n
0697,000,mf,n,00000000,f,r
0698,000,mf,n,00000000,f,n
0698,000,mf,n,00000000,f,r
0699,000,mf,n,00000000,f,n
0699,000,mf,n,00000000,f,r
0700,000,mf,n,00000000,f,n
0700,000,mf,n,00000000,f,r
0701,000,mf,n,00000000,f,n
0701,000,mf,n,00000000,f,r
0702,000,mf,n,00000000,f,n
0702,000,mf,n,00000000,f,r
0703,000,uk,n,00000000,f,n
0703,000,uk,n,00000000,f,r
0704,000,mf,n,00000000,f,n
0704,000,mf,n,00000000,f,r
0705,000,mf,n,00000000,f,n
0705,000,mf,n,00000000,f,r
0705,001,mf,n,00000000,f,n
0705,001,mf,n,00000000,f,r
0706,000,mf,n,00000000,f,n
0706,000,mf,n,00000000,f,r
0706,001,mf,n,00000000,f,n
0706,001,mf,n,00000000,f,r
0707,000,mf,n,00000000,f,n
0707,000,mf,n,00000000,f,r
0708,000,mf,n,00000000,f,n
0708,000,mf,n,00000000,f,r
0709,000,mf,n,00000000,f,n
0709,000,mf,n,00000000,f,r
0710,000,mf,n,00000000,f,n
0710,000,mf,n,00000000,f,r
0710,001,mf,n,00000000,f,n
0710,001,mf,n,00000000,f,r
0710,002,mf,n,00000000,f,n
0710,002,mf,n,00000000,f,r
0710,003,mf,n,00000000,f,n
0710,003,mf,n,00000000,f,r
0711,000,mf,n,00000000,f,n
0711,000,mf,n,00000000,f,r
0711,001,mf,n,00000000,f,n
0711,001,mf,n,00000000,f,r
0711,002,mf,n,00000000,f,n
0711,002,mf,n,00000000,f,r
0711,003,mf,n,00000000,f,n
0711,003,mf,n,00000000,f,r
0712,000,mf,n,00000000,f,n
0712,000,mf,n,00000000,f,r
0713,000,mf,n,00000000,f,n
0713,000,mf,n,00000000,f,r
0713,001,mf,n,00000000,f,n
0713,001,mf,n,00000000,f,r
0714,000,mf,n,00000000,f,n
0714,000,mf,n,00000000,f,r
0715,000,mf,n,00000000,f,n
0715,000,mf,n,00000000,f,r
0716,000,uk,n,00000000,f,n
0716,000,uk,n,00000000,f,r
0716,001,uk,n,00000000,f,n
0716,001,uk,n,00000000,f,r
0717,000,uk,n,00000000,f,n
0717,000,uk,n,00000000,f,r
0718,000,uk,n,00000000,f,n
0718,000,uk,n,00000000,f,r
0718,001,uk,n,00000000,f,n
0718,001,uk,n,00000000,f,r
0718,004,uk,n,00000000,f,n
0718,004,uk,n,00000000,f,r
0719,000,uk,n,00000000,f,n
0719,000,uk,n,00000000,f,r
0719,001,uk,n,00000000,f,n
0719,001,uk,n,00000000,f,r
0720,000,uk,n,00000000,f,n
0720,000,uk,n,00000000,f,r
0720,001,uk,n,00000000,f,n
0720,001,uk,n,00000000,f,r
0721,000,uk,n,00000000,f,n
0721,000,uk,n,00000000,f,r
0722,000,mf,n,00000000,f,n
0722,000,mf,n,00000000,f,r
0723,000,mf,n,00000000,f,n
0723,000,mf,n,00000000,f,r
0724,000,mf,n,00000000,f,n
0724,000,mf,n,00000000,f,r
0724,001,mf,n,00000000,f,n
0724,001,mf,n,00000000,f,r
0725,000,mf,n,00000000,f,n
0725,000,mf,n,00000000,f,r
0726,000,mf,n,00000000,f,n
0726,000,mf,n,00000000,f,r
0727,000,mf,n,00000000,f,n
0727,000,mf,n,00000000,f,r
0728,000,mf,n,00000000,f,n
0728,000,mf,n,00000000,f,r
0729,000,mf,n,00000000,f,n
0729,000,mf,n,00000000,f,r
0730,000,mf,n,00000000,f,n
0730,000,mf,n,00000000,f,r
0731,000,mf,n,00000000,f,n
0731,000,mf,n,00000000,f,r
0732,000,mf,n,00000000,f,n
0732,000,mf,n,00000000,f,r
0733,000,mf,n,00000000,f,n
0733,000,mf,n,00000000,f,r
0734,000,mf,n,00000000,f,n
0734,000,mf,n,00000000,f,r
0735,000,mf,n,00000000,f,n
0735,000,mf,n,00000000,f,r
0736,000,mf,n,00000000,f,n
0736,000,mf,n,00000000,f,r
0737,000,mf,n,00000000,f,n
0737,000,mf,n,00000000,f,r
0738,000,mf,n,00000000,f,n
0738,000,mf,n,00000000,f,r
0739,000,mf,n,00000000,f,n
0739,000,mf,n,00000000,f,r
0740,000,mf,n,00000000,f,n
0740,000,mf,n,00000000,f,r
0741,000,mf,n,00000000,f,n
0741,000,mf,n,00000000,f,r
0741,001,mf,n,00000000,f,n
0741,001,mf,n,00000000,f,r
0741,002,mf,n,00000000,f,n
0741,002,mf,n,00000000,f,r
0741,003,mf,n,00000000,f,n
0741,003,mf,n,00000000,f,r
0742,000,mf,n,00000000,f,n
0742,000,mf,n,00000000,f,r
0743,000,mf,n,00000000,f,n
0743,000,mf,n,00000000,f,r
0744,000,mf,n,00000000,f,n
0744,000,mf,n,00000000,f,r
0745,000,mf,n,00000000,f,n
0745,000,mf,n,00000000,f,r
0745,001,mf,n,00000000,f,n
0745,001,mf,n,00000000,f,r
0745,002,mf,n,00000000,f,n
0745,002,mf,n,00000000,f,r
0746,000,mf,n,00000000,f,n
0746,000,mf,n,00000000,f,r
0746,001,mf,n,00000000,f,n
0746,001,mf,n,00000000,f,r
0747,000,mf,n,00000000,f,n
0747,000,mf,n,00000000,f,r
0748,000,mf,n,00000000,f,n
0748,000,mf,n,00000000,f,r
0749,000,mf,n,00000000,f,n
0749,000,mf,n,00000000,f,r
0750,000,mf,n,00000000,f,n
0750,000,mf,n,00000000,f,r
0751,000,mf,n,00000000,f,n
0751,000,mf,n,00000000,f,r
0752,000,mf,n,00000000,f,n
0752,000,mf,n,00000000,f,r
0753,000,mf,n,00000000,f,n
0753,000,mf,n,00000000,f,r
0754,000,mf,n,00000000,f,n
0754,000,mf,n,00000000,f,r
0755,000,mf,n,00000000,f,n
0755,000,mf,n,00000000,f,r
0756,000,mf,n,00000000,f,n
0756,000,mf,n,00000000,f,r
0757,000,mf,n,00000000,f,n
0757,000,mf,n,00000000,f,r
0758,000,fo,n,00000000,f,n
0758,000,fo,n,00000000,f,r
0759,000,mf,n,00000000,f,n
0759,000,mf,n,00000000,f,r
0760,000,mf,n,00000000,f,n
0760,000,mf,n,00000000,f,r
0761,000,fo,n,00000000,f,n
0761,000,fo,n,00000000,f,r
0762,000,fo,n,00000000,f,n
0762,000,fo,n,00000000,f,r
0763,000,fo,n,00000000,f,n
0763,000,fo,n,00000000,f,r
0764,000,mf,n,00000000,f,n
0764,000,mf,n,00000000,f,r
0765,000,mf,n,00000000,f,n
0765,000,mf,n,00000000,f,r
0766,000,mf,n,00000000,f,n
0766,000,mf,n,00000000,f,r
0767,000,mf,n,00000000,f,n
0767,000,mf,n,00000000,f,r
0768,000,mf,n,00000000,f,n
0768,000,mf,n,00000000,f,r
0769,000,mf,n,00000000,f,n
0769,000,mf,n,00000000,f,r
0770,000,mf,n,00000000,f,n
0770,000,mf,n,00000000,f,r
0771,000,mf,n,00000000,f,n
0771,000,mf,n,00000000,f,r
0772,000,uk,n,00000000,f,n
0772,000,uk,n,00000000,f,r
0773,000,uk,n,00000000,f,n
0773,000,uk,n,00000000,f,r
0773,001,uk,n,00000000,f,n
0773,001,uk,n,00000000,f,r
0773,002,uk,n,00000000,f,n
0773,002,uk,n,00000000,f,r
0773,003,uk,n,00000000,f,n
0773,003,uk,n,00000000,f,r
0773,004,uk,n,00000000,f,n
0773,004,uk,n,00000000,f,r
0773,005,uk,n,00000000,f,n
0773,005,uk,n,00000000,f,r
0773,006,uk,n,00000000,f,n
0773,006,uk,n,00000000,f,r
0773,007,uk,n,00000000,f,n
0773,007,uk,n,00000000,f,r
0773,008,uk,n,00000000,f,n
0773,008,uk,n,00000000,f,r
0773,009,uk,n,00000000,f,n
0773,009,uk,n,00000000,f,r
0773,010,uk,n,00000000,f,n
0773,010,uk,n,00000000,f,r
0773,011,uk,n,00000000,f,n
0773,011,uk,n,00000000,f,r
0773,012,uk,n,00000000,f,n
0773,012,uk,n,00000000,f,r
0773,013,uk,n,00000000,f,n
0773,013,uk,n,00000000,f,r
0773,014,uk,n,00000000,f,n
0773,014,uk,n,00000000,f,r
0773,015,uk,n,00000000,f,n
0773,015,uk,n,00000000,f,r
0773,016,uk,n,00000000,f,n
0773,016,uk,n,00000000,f,r
0773,017,uk,n,00000000,f,n
0773,017,uk,n,00000000,f,r
0774,000,uk,n,00000000,f,n
0774,007,uk,n,00000000,f,n
0774,007,uk,n,00000000,f,r
0774,008,uk,n,00000000,f,n
0774,009,uk,n,00000000,f,n
0774,010,uk,n,00000000,f,n
0774,011,uk,n,00000000,f,n
0774,012,uk,n,00000000,f,n
0774,013,uk,n,00000000,f,n
0775,000,mf,n,00000000,f,n
0775,000,mf,n,00000000,f,r
0776,000,mf,n,00000000,f,n
0776,000,mf,n,00000000,f,r
0777,000,mf,n,00000000,f,n
0777,000,mf,n,00000000,f,r
0778,000,mf,n,00000000,f,n
0778,000,mf,n,00000000,f,r
0778,001,mf,n,00000000,f,n
0778,001,mf,n,00000000,f,r
0779,000,mf,n,00000000,f,n
0779,000,mf,n,00000000,f,r
0780,000,mf,n,00000000,f,n
0780,000,mf,n,00000000,f,r
0781,000,uk,n,00000000,f,n
0781,000,uk,n,00000000,f,r
0782,000,mf,n,00000000,f,n
0782,000,mf,n,00000000,f,r
0783,000,mf,n,00000000,f,n
0783,000,mf,n,00000000,f,r
0784,000,mf,n,00000000,f,n
0784,000,mf,n,00000000,f,r
0785,000,uk,n,00000000,f,n
0785,000,uk,n,00000000,f,r
0786,000,uk,n,00000000,f,n
0786,000,uk,n,00000000,f,r
0787,000,uk,n,00000000,f,n
0787,000,uk,n,00000000,f,r
0788,000,uk,n,00000000,f,n
0788,000,uk,n,00000000,f,r
0789,000,uk,n,00000000,f,n
0789,000,uk,n,00000000,f,r
0790,000,uk,n,00000000,f,n
0790,000,uk,n,00000000,f,r
0791,000,uk,n,00000000,f,n
0791,000,uk,n,00000000,f,r
0792,000,uk,n,00000000,f,n
0792,000,uk,n,00000000,f,r
0793,000,uk,n,00000000,f,n
0793,000,uk,n,00000000,f,r
0794,000,uk,n,00000000,f,n
0794,000,uk,n,00000000,f,r
0795,000,uk,n,00000000,f,n
0795,000,uk,n,00000000,f,r
0796,000,uk,n,00000000,f,n
0796,000,uk,n,00000000,f,r
0797,000,uk,n,00000000,f,n
0797,000,uk,n,00000000,f,r
0798,000,uk,n,00000000,f,n
0798,000,uk,n,00000000,f,r
0799,000,uk,n,00000000,f,n
0799,000,uk,n,00000000,f,r
0800,000,uk,n,00000000,f,n
0800,000,uk,n,00000000,f,r
0800,001,uk,n,00000000,f,n
0800,001,uk,n,00000000,f,r
0800,002,uk,n,00000000,f,n
0800,002,uk,n,00000000,f,r
0800,003,uk,n,00000000,f,n
0800,003,uk,n,00000000,f,r
0801,000,uk,n,00000000,f,n
0801,000,uk,n,00000000,f,r
0801,001,uk,n,00000000,f,n
0801,001,uk,n,00000000,f,r
0802,000,uk,n,00000000,f,n
0802,000,uk,n,00000000,f,r
0803,000,uk,n,00000000,f,n
0803,000,uk,n,00000000,f,r
0804,000,uk,n,00000000,f,n
0804,000,uk,n,00000000,f,r
0805,000,uk,n,00000000,f,n
0805,000,uk,n,00000000,f,r
0806,000,uk,n,00000000,f,n
0806,000,uk,n,00000000,f,r
0807,000,uk,n,00000000,f,n
0807,000,uk,n,00000000,f,r
0808,000,uk,n,00000000,f,n
0808,000,uk,n,00000000,f,r
0809,000,uk,g,00000000,f,n
0809,000,uk,g,00000000,f,r
0809,000,uk,n,00000000,f,n
0809,000,uk,n,00000000,f,r
0810,000,mf,n,00000000,f,n
0810,000,mf,n,00000000,f,r
0811,000,mf,n,00000000,f,n
0811,000,mf,n,00000000,f,r
0812,000,mf,g,00000000,f,n
0812,000,mf,g,00000000,f,r
0812,000,mf,n,00000000,f,n
0812,000,mf,n,00000000,f,r
0813,000,mf,n,00000000,f,n
0813,000,mf,n,00000000,f,r
0814,000,mf,n,00000000,f,n
0814,000,mf,n,00000000,f,r
0815,000,mf,g,00000000,f,n
0815,000,mf,g,00000000,f,r
0815,000,mf,n,00000000,f,n
0815,000,mf,n,00000000,f,r
0816,000,mf,n,00000000,f,n
0816,000,mf,n,00000000,f,r
0817,000,mf,n,00000000,f,n
0817,000,mf,n,00000000,f,r
0818,000,mf,g,00000000,f,n
0818,000,mf,g,00000000,f,r
0818,000,mf,n,00000000,f,n
0818,000,mf,n,00000000,f,r
0819,000,mf,n,00000000,f,n
0819,000,mf,n,00000000,f,r
0820,000,mf,n,00000000,f,n
0820,000,mf,n,00000000,f,r
0821,000,mf,n,00000000,f,n
0821,000,mf,n,00000000,f,r
0822,000,mf,n,00000000,f,n
0822,000,mf,n,00000000,f,r
0823,000,mf,g,00000000,f,n
0823,000,mf,g,00000000,f,r
0823,000,mf,n,00000000,f,n
0823,000,mf,n,00000000,f,r
0824,000,mf,n,00000000,f,n
0824,000,mf,n,00000000,f,r
0825,000,mf,n,00000000,f,n
0825,000,mf,n,00000000,f,r
0826,000,mf,g,00000000,f,n
0826,000,mf,g,00000000,f,r
0826,000,mf,n,00000000,f,n
0826,000,mf,n,00000000,f,r
0827,000,mf,n,00000000,f,n
0827,000,mf,n,00000000,f,r
0828,000,mf,n,00000000,f,n
0828,000,mf,n,00000000,f,r
0829,000,mf,n,00000000,f,n
0829,000,mf,n,00000000,f,r
0830,000,mf,n,00000000,f,n
0830,000,mf,n,00000000,f,r
0831,000,mf,n,00000000,f,n
0831,000,mf,n,00000000,f,r
0832,000,mf,n,00000000,f,n
0832,000,mf,n,00000000,f,r
0833,000,mf,n,00000000,f,n
0833,000,mf,n,00000000,f,r
0834,000,mf,g,00000000,f,n
0834,000,mf,g,00000000,f,r
0834,000,mf,n,00000000,f,n
0834,000,mf,n,00000000,f,r
0835,000,mf,n,00000000,f,n
0835,000,mf,n,00000000,f,r
0836,000,mf,n,00000000,f,n
0836,000,mf,n,00000000,f,r
0837,000,mf,n,00000000,f,n
0837,000,mf,n,00000000,f,r
0838,000,mf,n,00000000,f,n
0838,000,mf,n,00000000,f,r
0839,000,mf,g,00000000,f,n
0839,000,mf,g,00000000,f,r
0839,000,mf,n,00000000,f,n
0839,000,mf,n,00000000,f,r
0840,000,mf,n,00000000,f,n
0840,000,mf,n,00000000,f,r
0841,000,mf,g,00000000,f,n
0841,000,mf,g,00000000,f,r
0841,000,mf,n,00000000,f,n
0841,000,mf,n,00000000,f,r
0842,000,mf,g,00000000,f,n
0842,000,mf,g,00000000,f,r
0842,000,mf,n,00000000,f,n
0842,000,mf,n,00000000,f,r
0843,000,mf,n,00000000,f,n
0843,000,mf,n,00000000,f,r
0844,000,mf,g,00000000,f,n
0844,000,mf,g,00000000,f,r
0844,000,mf,n,00000000,f,n
0844,000,mf,n,00000000,f,r
0845,000,mf,n,00000000,f,n
0845,000,mf,n,00000000,f,r
0845,001,mf,n,00000000,f,n
0845,001,mf,n,00000000,f,r
0845,002,mf,n,00000000,f,n
0845,002,mf,n,00000000,f,r
0846,000,mf,n,00000000,f,n
0846,000,mf,n,00000000,f,r
0847,000,mf,n,00000000,f,n
0847,000,mf,n,00000000,f,r
0848,000,mf,n,00000000,f,n
0848,000,mf,n,00000000,f,r
0849,000,mf,g,00000000,f,n
0849,000,mf,g,00000000,f,r
0849,000,mf,n,00000000,f,n
0849,000,mf,n,00000000,f,r
0849,001,mf,n,00000000,f,n
0849,001,mf,n,00000000,f,r
0850,000,mf,n,00000000,f,n
0850,000,mf,n,00000000,f,r
0851,000,mf,g,00000000,f,n
0851,000,mf,g,00000000,f,r
0851,000,mf,n,00000000,f,n
0851,000,mf,n,00000000,f,r
0852,000,mf,n,00000000,f,n
0852,000,mf,n,00000000,f,r
0853,000,mf,n,00000000,f,n
0853,000,mf,n,00000000,f,r
0854,000,uk,n,00000000,f,n
0854,000,uk,n,00000000,f,r
0855,000,uk,n,00000000,f,n
0855,000,uk,n,00000000,f,r
0856,000,fo,n,00000000,f,n
0856,000,fo,n,00000000,f,r
0857,000,fo,n,00000000,f,n
0857,000,fo,n,00000000,f,r
0858,000,fo,g,00000000,f,n
0858,000,fo,g,00000000,f,r
0858,000,fo,n,00000000,f,n
0858,000,fo,n,00000000,f,r
0859,000,mo,n,00000000,f,n
0859,000,mo,n,00000000,f,r
0860,000,mo,n,00000000,f,n
0860,000,mo,n,00000000,f,r
0861,000,mo,g,00000000,f,n
0861,000,mo,g,00000000,f,r
0861,000,mo,n,00000000,f,n
0861,000,mo,n,00000000,f,r
0862,000,mf,n,00000000,f,n
0862,000,mf,n,00000000,f,r
0863,000,mf,n,00000000,f,n
0863,000,mf,n,00000000,f,r
0864,000,mf,n,00000000,f,n
0864,000,mf,n,00000000,f,r
0865,000,mf,n,00000000,f,n
0865,000,mf,n,00000000,f,r
0866,000,mf,n,00000000,f,n
0866,000,mf,n,00000000,f,r
0867,000,mf,n,00000000,f,n
0867,000,mf,n,00000000,f,r
0868,000,fo,n,00000000,f,n
0868,000,fo,n,00000000,f,r
0869,000,fo,g,00000000,f,n
0869,000,fo,g,00000000,f,r
0869,000,fo,n,00000000,f,n
0869,000,fo,n,00000000,f,r
0869,000,fo,n,00000001,f,n
0869,000,fo,n,00000001,f,r
0869,000,fo,n,00000002,f,n
0869,000,fo,n,00000002,f,r
0869,000,fo,n,00000003,f,n
0869,000,fo,n,00000003,f,r
0869,000,fo,n,00000004,f,n
0869,000,fo,n,00000004,f,r
0869,000,fo,n,00000005,f,n
0869,000,fo,n,00000005,f,r
0869,000,fo,n,00000006,f,n
0869,000,fo,n,00000006,f,r
0869,001,fo,n,00000000,f,n
0869,001,fo,n,00000001,f,n
0869,001,fo,n,00000002,f,n
0869,001,fo,n,00000003,f,n
0869,001,fo,n,00000004,f,n
0869,001,fo,n,00000005,f,n
0869,001,fo,n,00000006,f,n
0869,002,fo,n,00000000,f,n
0869,002,fo,n,00000001,f,n
0869,002,fo,n,00000002,f,n
0869,002,fo,n,00000003,f,n
0869,002,fo,n,00000004,f,n
0869,002,fo,n,00000005,f,n
0869,002,fo,n,00000006,f,n
0869,003,fo,n,00000000,f,n
0869,003,fo,n,00000001,f,n
0869,003,fo,n,00000002,f,n
0869,003,fo,n,00000003,f,n
0869,003,fo,n,00000004,f,n
0869,003,fo,n,00000005,f,n
0869,003,fo,n,00000006,f,n
0869,004,fo,n,00000000,f,n
0869,004,fo,n,00000001,f,n
0869,004,fo,n,00000002,f,n
0869,004,fo,n,00000003,f,n
0869,004,fo,n,00000004,f,n
0869,004,fo,n,00000005,f,n
0869,004,fo,n,00000006,f,n
0869,005,fo,n,00000000,f,n
0869,005,fo,n,00000001,f,n
0869,005,fo,n,00000002,f,n
0869,005,fo,n,00000003,f,n
0869,005,fo,n,00000004,f,n
0869,005,fo,n,00000005,f,n
0869,005,fo,n,00000006,f,n
0869,006,fo,n,00000000,f,n
0869,006,fo,n,00000001,f,n
0869,006,fo,n,00000002,f,n
0869,006,fo,n,00000003,f,n
0869,006,fo,n,00000004,f,n
0869,006,fo,n,00000005,f,n
0869,006,fo,n,00000006,f,n
0869,007,fo,n,00000000,f,n
0869,007,fo,n,00000001,f,n
0869,007,fo,n,00000002,f,n
0869,007,fo,n,00000003,f,n
0869,007,fo,n,00000004,f,n
0869,007,fo,n,00000005,f,n
0869,007,fo,n,00000006,f,n
0869,008,fo,n,00000000,f,n
0869,008,fo,n,00000001,f,n
0869,008,fo,n,00000002,f,n
0869,008,fo,n,00000003,f,n
0869,008,fo,n,00000004,f,n
0869,008,fo,n,00000005,f,n
0869,008,fo,n,00000006,f,n
0870,000,uk,n,00000000,f,n
0870,000,uk,n,00000000,f,r
0871,000,mf,n,00000000,f,n
0871,000,mf,n,00000000,f,r
0872,000,mf,n,00000000,f,n
0872,000,mf,n,00000000,f,r
0873,000,mf,n,00000000,f,n
0873,000,mf,n,00000000,f,r
0874,000,mf,n,00000000,f,n
0874,000,mf,n,00000000,f,r
0875,000,mf,n,00000000,f,n
0875,000,mf,n,00000000,f,r
0875,001,mf,n,00000000,f,n
0875,001,mf,n,00000000,f,r
0876,000,mo,n,00000000,f,n
0876,000,mo,n,00000000,f,r
0876,001,fo,n,00000000,f,n
0876,001,fo,n,00000000,f,r
0877,000,mf,n,00000000,f,n
0877,000,mf,n,00000000,f,r
0877,001,mf,n,00000000,f,n
0877,001,mf,n,00000000,f,r
0878,000,mf,n,00000000,f,n
0878,000,mf,n,00000000,f,r
0879,000,mf,g,00000000,f,n
0879,000,mf,g,00000000,f,r
0879,000,mf,n,00000000,f,n
0879,000,mf,n,00000000,f,r
0880,000,uk,n,00000000,f,n
0880,000,uk,n,00000000,f,r
0881,000,uk,n,00000000,f,n
0881,000,uk,n,00000000,f,r
0882,000,uk,n,00000000,f,n
0882,000,uk,n,00000000,f,r
0883,000,uk,n,00000000,f,n
0883,000,uk,n,00000000,f,r
0884,000,mf,g,00000000,f,n
0884,000,mf,g,00000000,f,r
0884,000,mf,n,00000000,f,n
0884,000,mf,n,00000000,f,r
0885,000,mf,n,00000000,f,n
0885,000,mf,n,00000000,f,r
0886,000,mf,n,00000000,f,n
0886,000,mf,n,00000000,f,r
0887,000,mf,n,00000000,f,n
0887,000,mf,n,00000000,f,r
0888,000,uk,n,00000000,f,n
0888,000,uk,n,00000000,f,r
0888,001,uk,n,00000000,f,n
0888,001,uk,n,00000000,f,r
0889,000,uk,n,00000000,f,n
0889,000,uk,n,00000000,f,r
0889,001,uk,n,00000000,f,n
0889,001,uk,n,00000000,f,r
0890,000,uk,n,00000000,f,n
0890,000,uk,n,00000000,f,r
0890,001,uk,n,00000000,f,n
0890,001,uk,n,00000000,f,r
0891,000,mf,n,00000000,f,n
0891,000,mf,n,00000000,f,r
0892,000,mf,g,00000000,f,n
0892,000,mf,g,00000000,f,r
0892,000,mf,n,00000000,f,n
0892,000,mf,n,00000000,f,r
0892,001,mf,g,00000000,f,n
0892,001,mf,g,00000000,f,r
0892,001,mf,n,00000000,f,n
0892,001,mf,n,00000000,f,r
0893,000,uk,n,00000000,f,n
0893,000,uk,n,00000000,f,r
0893,001,uk,n,00000000,f,n
0893,001,uk,n,00000000,f,r
0894,000,uk,n,00000000,f,n
0894,000,uk,n,00000000,f,r
0895,000,uk,n,00000000,f,n
0895,000,uk,n,00000000,f,r
0896,000,uk,n,00000000,f,n
0896,000,uk,n,00000000,f,r
0897,000,uk,n,00000000,f,n
0897,000,uk,n,00000000,f,r
0898,000,uk,n,00000000,f,n
0898,000,uk,n,00000000,f,r
0898,001,uk,n,00000000,f,n
0898,001,uk,n,00000000,f,r
0898,002,uk,n,00000000,f,n
0898,002,uk,n,00000000,f,r
0899,000,mf,n,00000000,f,n
0899,000,mf,n,00000000,f,r
0900,000,mf,n,00000000,f,n
0900,000,mf,n,00000000,f,r
0901,000,mf,n,00000000,f,n
0901,000,mf,n,00000000,f,r
0902,000,md,n,00000000,f,n
0902,000,md,n,00000000,f,r
0902,001,fd,n,00000000,f,n
0902,001,fd,n,00000000,f,r
0903,000,mf,n,00000000,f,n
0903,000,mf,n,00000000,f,r
0904,000,mf,n,00000000,f,n
0904,000,mf,n,00000000,f,r
0905,000,fd,n,00000000,f,n
0905,000,fd,n,00000000,f,r
0905,001,fd,n,00000000,f,n
0905,001,fd,n,00000000,f,r
